Date,CORDILLERA ADMINISTRATIVE REGION (CAR),REGION I (ILOCOS REGION),REGION II (CAGAYAN VALLEY),REGION III (CENTRAL LUZON),REGION IV-A (CALABARZON),MIMAROPA REGION,REGION V (BICOL REGION),REGION VI (WESTERN VISAYAS),REGION VII (CENTRAL VISAYAS),REGION VIII (EASTERN VISAYAS),REGION IX (ZAMBOANGA PENINSULA),REGION X (NORTHERN MINDANAO),REGION XI (DAVAO REGION),REGION XII (SOCCSKSARGEN),REGION XIII (CARAGA),BANGSAMORO AUTONOMOUS REGION IN MUSLIM MINDANAO (BARMM)
1/1/1987,2117.75539,33182.36853,123828.3693,81774.59836,37147.07545,18182.79526,51219.66619,150734.8485,18353.32379,54007.72097,37056.61638,25621.24814,45871.07524,56413.42259,8802.737548,12514.31126
2/1/1987,2117.75539,33182.36853,123828.3693,81774.59836,37147.07545,18182.79526,51219.66619,150734.8485,18353.32379,54007.72097,37056.61638,25621.24814,45871.07524,56413.42259,8802.737548,12514.31126
3/1/1987,5448.489221,27802.26294,105006.2615,94894.80327,33394.84909,22066.40948,46526.66763,108992.3029,14515.35243,42659.55806,28638.76724,21328.50371,36107.84952,43771.15482,13825.5249,10013.37748
4/1/1987,16186.94449,20980.07963,79452.53664,131739.3185,29410.03927,32586.17581,40946.14135,38515.19376,8753.521683,26501.90139,14855.23235,13871.56053,19469.81428,21009.5383,26718.20172,4831.657832
5/1/1987,22328.0806,15945.99473,62100.57403,147741.2324,25687.25382,37462.93959,36352.70772,14608.45717,5607.079193,16896.83931,8671.086588,10376.14461,12254.36899,12477.00681,33838.19443,3223.172388
6/1/1987,16860.97491,11436.92564,50293.88934,103360.4491,19958.70691,25823.8846,30720.15093,16334.34907,4727.399124,12296.2593,9201.681066,11846.29487,14490.81674,17830.45489,24677.60385,5978.16978
7/1/1987,5171.025438,731.1872618,25823.94764,11279.69583,7294.673119,1631.81425,16589.71391,18189.34421,2493.432958,2678.218566,9785.20405,13503.89591,19212.24404,27964.87494,7481.144838,13419.22095
8/1/1987,2689.818916,255.2862578,17901.95876,2791.995393,4358.10198,292.8643795,12865.06399,19927.57361,1923.374894,1077.143687,10318.68414,14994.74095,21780.93542,34422.30819,3064.59226,17652.49829
9/1/1987,6838.155646,6349.52648,38698.09359,23758.30878,13188.2249,4590.321371,28354.2221,55959.08217,5687.192148,6446.637747,18632.11181,22937.36314,30524.82054,54984.81687,5465.262902,18945.28077
10/1/1987,24011.48605,149003.7467,99024.2521,247076.515,47978.74829,81853.87243,73030.55998,166975.956,19720.96924,41915.04965,37462.94077,40271.0514,46939.01785,98889.92342,15767.18583,19967.31572
11/1/1987,33077.8674,221977.1998,133638.0584,362902.7287,67219.89429,121432.2105,98831.07731,232378.2492,27574.74667,60962.11291,49021.27118,50629.14397,57390.83624,125805.832,20579.30633,21242.80318
12/1/1987,25617.64654,161734.0535,137009.6895,280096.7563,60636.35742,90029.91712,94748.3627,205024.7948,22125.2841,59893.83744,45876.78804,42271.80463,53320.14591,103016.2446,17291.50784,19795.8811
1/1/1988,11032.51075,57037.32306,138682.421,130634.1217,46504.6617,31880.25825,85996.19578,161014.7537,12321.14384,55106.67683,39942.49368,27369.86639,45802.04567,64312.56504,8567.928224,18432.16459
2/1/1988,6499.656354,23181.01134,142013.2485,75804.97424,40840.47707,14804.46434,82123.74869,136225.67,8294.738779,54105.93652,37003.30053,20625.27351,42016.29937,46043.61457,6556.345375,16978.68127
3/1/1988,9214.832897,18770.66561,116956.3305,74352.90406,36825.86123,19077.27741,65449.05553,93712.57627,7647.117381,45001.38665,29944.2058,19228.8601,36285.65496,39261.82039,12805.7264,13129.15414
4/1/1988,18889.23559,18888.73444,77888.95778,98296.3937,33024.37913,40341.4598,38941.02143,12723.84875,7857.911304,32749.78921,18151.27359,18307.51941,26986.79473,29854.38337,32743.87389,5454.539528
5/1/1988,23188.2774,13087.62068,56652.07312,96338.48384,28983.68534,47723.509,25628.09324,2158.69948,7130.865883,24443.42811,12552.36872,16873.90427,21925.37529,23620.82056,43482.67162,3191.797945
6/1/1988,18189.48702,10512.64489,52624.96911,70021.12246,25544.93553,34637.0312,26725.88534,10046.45177,6654.222813,19170.78268,15012.35769,18388.57631,24411.82998,30030.79607,31570.45449,6877.662527
7/1/1988,7618.086637,1589.487837,44971.0594,13093.24587,17992.2243,5904.751524,28017.82993,73517.09764,4302.763274,8467.264895,20794.57928,19627.73909,29414.44625,40609.96345,9820.92121,18094.35682
8/1/1988,4731.111122,1073.858797,41244.49377,5208.805846,15193.42587,2319.117394,29123.28238,105851.1033,3970.775281,5254.972143,23722.31627,21121.44439,32133.49279,47753.30482,3869.780032,24407.9061
9/1/1988,8941.802242,14746.65337,61036.44683,29460.94828,23204.34983,13538.13108,45885.88769,118827.7991,9029.461445,13224.76296,28077.10446,27246.81651,36722.06096,63125.73173,5512.298759,26802.73708
10/1/1988,23749.35639,192672.0192,102474.003,196913.5918,43209.06801,95699.62336,82317.61564,126651.9612,22755.45738,41049.45403,34110.49599,37622.68733,44903.72277,92215.40579,13140.7784,30012.76472
11/1/1988,31352.56906,285367.8711,127566.1817,285822.5786,54298.01635,139067.1197,104343.009,139121.3688,30926.3483,56485.28557,38690.67843,44528.22662,49891.39295,110274.1044,16157.48353,32474.45943
12/1/1988,23036.07455,204383.1097,129196.8153,232178.8296,48079.91564,102824.257,94265.37537,142093.6701,29752.19432,52017.2604,39771.82558,45003.08605,45572.88428,95298.48985,14356.73807,27217.77585
1/1/1989,7262.178734,62696.55056,130373.7334,126860.2103,33938.61224,36098.03703,77050.67344,158940.788,27458.01331,42698.76779,43126.45841,47448.02988,36643.736,70110.77759,8784.95989,19810.54483
2/1/1989,3159.081403,21549.60436,131998.7118,88743.0108,28897.41397,16448.46055,67827.3775,162197.3747,26329.87664,38686.52305,44267.77186,47943.46001,32807.86916,57039.13424,7525.045428,15068.62378
3/1/1989,5536.739863,17180.84508,110640.5548,96781.77885,32733.97378,21101.50242,54650.94907,112870.8373,20143.11005,32677.70916,34615.76974,35830.51011,34466.39485,49316.08817,12748.99468,11263.83138
4/1/1989,15905.05451,17894.10796,77814.16768,138648.7107,44275.8517,44947.60517,33980.94439,19435.30266,9741.842687,24876.49991,17819.17855,14564.93139,40028.74907,36205.29346,27321.5754,3803.90609
5/1/1989,20683.28096,11792.44336,59199.44338,149281.7865,48920.76487,53068.23376,23185.2203,4348.565004,5423.339998,19271.53366,10929.5635,7126.380272,41866.50283,29482.65104,35262.76322,1863.565918
6/1/1989,15401.66453,10053.44867,54932.38894,109346.5028,40438.38344,38134.16106,26078.83531,14260.13234,6650.817314,16765.96642,13453.25795,10070.68834,37782.7481,39098.0555,26993.66138,5522.527992
7/1/1989,4213.739339,2278.878353,45639.22807,23163.41839,22313.88852,6471.293381,30914.57971,77635.55562,9243.021671,10289.89641,19803.42725,17854.85947,27793.17876,61665.73674,11440.09852,19821.44852
8/1/1989,2014.604051,1802.243645,41795.47429,9836.499525,16390.90374,2305.672791,34002.16433,109469.8928,10683.13022,8481.950714,22931.54569,21894.06203,24425.11005,73837.75245,6387.945523,27720.59428
9/1/1989,5933.656611,18077.878,63005.29764,45443.08208,25417.20774,12430.03383,49496.25596,111076.5516,16702.84811,18383.15288,28701.02706,31381.0785,32438.71119,71806.51082,8731.955955,29559.95721
10/1/1989,24461.39629,175987.284,110404.8968,262185.9978,51105.50016,85999.80198,78192.15187,104347.2171,29453.56713,45983.99275,38862.43015,49379.68484,51061.86735,65745.04669,17091.60918,31756.58991
11/1/1989,34191.258,259364.63,138210.6914,377369.0454,64498.2629,124603.9432,96833.63342,105835.0198,37256.47834,62081.1181,45367.00687,60842.56031,61177.22083,63831.12967,20708.71209,33616.88159
12/1/1989,24486.34571,187145.0861,130854.4118,290741.9567,54452.23695,89967.25483,95794.21472,101128.7631,31837.95453,59205.88915,41125.56298,53372.75485,55742.91182,60624.82364,17997.67874,27076.5285
1/1/1990,6217.524176,61575.90634,114710.3314,130194.178,35736.61748,27190.71867,95512.85476,103380.2199,22865.67659,54279.46984,35210.60412,41944.69797,45178.34568,60639.01583,10414.29314,17604.2217
2/1/1990,2135.340455,22881.42829,107877.5052,74939.29772,27651.9154,10169.44979,94465.12048,98334.36641,18176.0141,51508.93772,31161.60403,35119.02036,40298.20436,57252.87404,8567.354504,11997.63607
3/1/1990,3991.135368,18040.66537,96290.1634,84499.52426,27205.46712,12557.83153,72121.02476,68066.41365,14508.30931,38241.59244,23823.79185,26276.28167,37740.44996,43647.11013,14902.35235,8888.142224
4/1/1990,13455.57473,17009.45353,83872.04479,137896.182,29879.31777,28093.04151,35212.12555,8509.074789,9293.176215,17150.53017,10903.98688,11607.7264,34414.5398,18802.06311,33840.58414,2851.923228
5/1/1990,17726.32637,10771.6247,72398.35317,151911.9403,29380.81033,32582.26605,19405.94548,1695.245131,6149.01329,8039.464513,6050.686712,5719.990819,31912.62972,10286.58481,43935.06512,1317.30178
6/1/1990,13346.0989,9663.921771,59853.60203,110672.8777,26945.8719,24413.69244,21495.92897,10455.68008,6479.810495,7545.005314,9524.326411,7951.28278,33427.83048,17284.35209,31273.35074,4393.774991
7/1/1990,3500.226008,2565.60515,29940.22874,19250.91863,19430.31497,4795.847587,27157.30527,89962.476,6619.87264,6502.017469,17957.29517,12524.23938,34696.31985,38519.85253,7292.673843,17095.99106
8/1/1990,1790.209723,2233.457458,22001.0649,7817.154841,17500.0898,2384.339584,29563.7553,130975.4704,6941.405676,6046.026926,22756.2901,15268.65671,36200.82271,49620.73542,2331.382343,24136.63511
9/1/1990,6228.564269,21093.93739,51836.70636,47260.92653,27842.59523,13911.81283,43984.93944,120013.0536,11898.72168,14146.95561,31369.41473,27069.10391,43066.85744,52872.41205,5143.943814,27325.37383
10/1/1990,28440.57975,192638.0448,147888.4657,336732.377,53695.69259,92491.05336,69467.27362,84433.77,22545.94983,34756.59581,46716.18564,53261.44428,56206.11115,54870.75507,18664.25489,32434.27625
11/1/1990,40274.30406,283572.8206,201913.4491,489918.9433,68239.27065,134402.1408,86619.59059,75945.98657,29176.65391,47412.21287,56779.88684,69431.1412,63934.74642,58049.81696,25261.92086,35823.67297
12/1/1990,28479.11619,205644.1346,176176.0852,372824.6796,57680.03676,100116.8058,91992.13579,94960.24343,28285.39626,51830.19132,50435.92751,59370.41453,58668.14243,55814.42797,24289.82425,27472.05078
1/1/1991,6243.561477,71255.39384,125402.271,158272.984,36931.91837,37135.87363,103453.8626,150751.2712,26799.04534,59615.15731,41082.04627,42339.09878,49325.5626,55388.37164,18485.71881,14709.98462
2/1/1991,1829.494287,27777.18295,103948.1942,85802.68963,28655.89715,17795.33864,109162.4065,175900.9616,25927.14882,64297.59376,35171.15498,33700.59144,44460.94237,53077.49488,17715.06462,8284.802603
3/1/1991,3724.944236,20680.42321,95492.53486,95349.32636,30647.18448,21822.78773,81623.73095,120472.7671,19949.80584,47545.24892,26082.79876,26879.30978,40834.49503,40776.13348,24140.21657,5782.212777
4/1/1991,14434.37306,15158.12298,92947.27723,158930.7315,39323.17418,42564.53398,34508.95673,15684.80408,10467.17313,18713.3972,9667.455292,15544.93336,36506.69732,16658.01823,40286.22131,787.1305991
5/1/1991,19302.29348,7238.789781,83917.4206,173395.101,41722.2981,49196.05906,16937.91139,2318.88691,5989.373869,8532.698361,4497.454731,10258.45314,32948.60643,9461.602333,48754.79558,186.4929469
6/1/1991,14731.33346,5560.087235,68705.30217,120395.1675,35251.52772,37106.40696,20107.13189,6440.309009,5954.453004,10194.90443,8839.089977,14620.6135,32224.69625,19356.37944,36955.98311,1725.376454
7/1/1991,4774.885785,460.973978,38096.46767,11790.73183,20644.96336,8896.473789,29417.38775,31040.81787,5477.096224,16317.97227,22239.93486,23905.72468,30912.03147,52093.26078,15796.41337,19192.21756
8/1/1991,2626.754893,261.6022969,27262.78873,2518.444086,16003.36147,4597.144255,33422.74851,43153.63456,5444.785403,18605.53066,29565.60803,29399.15812,30201.65129,69714.82742,8387.833055,28240.08367
9/1/1991,6633.359322,7784.423725,46663.7436,23275.82409,25538.67517,20368.38196,48878.86374,80584.54757,11097.11837,24398.49707,37819.45711,38687.1172,33864.31724,66341.9118,10337.75358,22080.69878
10/1/1991,23077.56709,209390.033,95713.89637,269141.4238,51794.59685,109136.186,75233.19936,159294.1153,25964.36922,31447.07013,51758.95143,56343.64423,42335.25202,57038.99897,18211.62989,10982.5319
11/1/1991,31767.69843,312295.8016,123821.8122,396015.4709,65875.62226,156762.9387,93307.55047,209817.3616,34726.4031,37480.9552,61031.36118,67251.75533,46467.20916,53983.72189,21101.6179,6733.784498
12/1/1991,23412.73448,220721.1654,131643.2914,301771.1052,55675.78089,116469.8753,98169.25017,188427.5231,29903.22768,45804.97467,51896.68739,55584.60044,40730.53882,49818.27914,19284.75221,6312.683599
1/1/1992,7691.743866,58668.02927,144463.4977,127349.7099,36023.67431,44447.71137,109517.1405,156480.9637,21738.1636,64125.12384,38594.00013,37932.68803,31801.68888,48181.72824,14696.38431,7622.074827
2/1/1992,3423.898062,17067.96872,152565.3161,69516.2343,27943.89043,20937.48021,114684.9027,136442.9553,17557.67086,73986.35972,30349.683,27855.45012,26588.32398,43785.54507,13167.78744,7077.286996
3/1/1992,5396.358071,13582.00201,120699.1863,79729.05577,28858.43526,22140.80842,84197.95672,94100.08106,13550.16554,53063.51644,21796.31686,20136.86185,23167.98714,31641.72669,15597.82825,4821.638177
4/1/1992,13907.85353,16195.77136,73059.2096,137584.5946,35171.40171,36564.84613,33007.45687,16132.53575,7803.253662,17505.84785,6285.257616,6967.68622,19265.72601,8159.066429,22891.12162,195.0134441
5/1/1992,17630.66018,10603.68316,46851.4627,153207.2049,36251.77135,38449.66677,14272.07016,2934.413721,4526.22401,6109.941188,2225.731096,2636.915057,15928.85952,3077.381802,25976.69761,23.58566968
6/1/1992,13510.48629,7791.545475,36066.3277,107709.2005,30516.82694,27602.4871,15172.47297,7637.050529,4330.522328,5370.210964,5510.011288,4892.398723,14888.41447,9524.551769,18656.18077,637.4008863
7/1/1992,4390.803176,442.1432247,12686.46849,11905.95919,16357.91362,3655.506273,18378.3984,29315.89191,3346.097836,4318.780635,18869.37535,10535.25088,11371.05481,38094.05254,4815.040582,17892.70054
8/1/1992,2464.256772,192.4413165,7274.331606,3198.565386,12572.4173,1288.976532,19407.95664,40488.13546,3187.726523,3628.845238,25916.25523,13859.60416,10516.70879,53471.15686,1705.510709,26670.41035
9/1/1992,6610.940051,6435.415459,28299.19991,28367.47542,24629.66908,10823.51719,36485.64496,85285.97263,7965.175641,10510.37413,31303.36942,27302.14496,18381.23641,59679.7906,3916.448708,23124.8891
10/1/1992,23827.14776,195856.3294,129801.3183,298498.479,60813.36591,102785.2896,75246.73108,185750.7071,21888.50343,30687.12848,38690.47911,58190.39389,38730.94266,65281.78593,14441.21138,16090.55586
11/1/1992,33011.67041,292298.073,185130.4045,438830.7278,80799.83649,150923.9937,99237.77387,249718.9284,30094.91407,42829.23627,44371.24448,77388.64588,50336.64666,71433.25643,19652.01731,13176.8046
12/1/1992,24606.18183,206987.5976,151783.2771,332361.7932,66042.79761,111965.7167,95850.49505,234415.3645,27704.58249,49949.63525,40476.27641,66541.96023,41542.41068,67213.95763,16933.77132,11425.63955
1/1/1993,8922.631834,55979.86034,85174.94528,135295.3597,37623.68572,41484.41955,88920.3462,212814.4135,22704.77494,62615.22758,35321.81921,48517.39733,23840.09283,63546.29213,8938.150104,9821.635098
2/1/1993,4293.257106,16731.16328,61192.91145,71527.28447,26797.79162,19347.47694,85662.85617,197950.682,20560.84658,70427.47806,31560.95433,39068.60726,17438.04435,59290.04567,7229.026444,8043.832688
3/1/1993,6016.11106,13775.97637,68142.14328,84284.35581,29457.52266,21666.10351,68069.79762,135961.9045,17434.37848,52002.29437,24122.22646,29547.99541,20875.86283,44956.6622,13685.82345,6603.532214
4/1/1993,13480.91614,18097.56895,98970.59185,152783.3007,41290.68346,38845.33456,41927.37632,21866.96268,13403.91637,21561.90873,10321.80336,13797.04906,31339.93652,19062.02458,33148.29069,2940.005041
5/1/1993,16482.04739,13155.07385,108129.6942,172868.2018,44710.09514,42600.54985,27314.09503,3542.655804,10474.98294,9729.975572,5719.586032,7238.211838,35771.22817,10139.94571,43774.10696,2119.880967
6/1/1993,12422.03647,9406.357194,80490.71399,121214.4974,35831.2214,30712.11559,23906.52865,7690.381521,9131.100697,8519.115702,10615.61061,10465.7391,31802.83532,16899.02971,32922.60235,6265.113992
7/1/1993,3333.310882,393.1929225,26195.83962,15160.96316,16696.8754,4502.120452,15829.92302,27017.8406,5752.779884,6330.360235,24272.69524,17517.63727,22874.50157,36303.6784,12242.14775,21011.91054
8/1/1993,1714.889784,132.665791,12496.64303,3902.898444,11196.44737,1658.725363,13198.49647,36484.09986,4759.991668,5281.521859,31934.02244,21646.57556,19613.25398,46675.57934,6223.157472,29378.51594
9/1/1993,6014.799334,5374.141287,28365.51735,27226.13839,21355.67723,12098.15418,29257.5805,85858.05955,9792.228448,13336.11791,38906.28232,34475.78718,23506.24446,55311.74226,9688.694775,27369.57352
10/1/1993,27202.35159,197746.2481,88003.93677,245373.5088,54271.71245,100159.0901,77825.34726,210302.4654,23578.35405,36143.70921,50151.24338,61636.14118,33189.49826,67717.26114,23016.98293,21473.7696
11/1/1993,38542.24035,295383.7321,119574.924,358587.6652,71766.88704,146552.8711,105404.6893,287085.0611,31582.14095,49753.49231,57772.83478,78351.98768,37905.192,76862.47549,29080.90308,19772.72492
12/1/1993,28536.40806,212077.0198,114940.1393,272198.826,57270.40051,116294.0388,87811.96344,258359.4735,29543.505,53191.79849,49487.92184,64583.87114,34196.30973,70473.26337,23091.11399,20561.50548
1/1/1994,9353.558083,66171.54782,95054.39315,103663.3101,29430.10149,60763.77631,53381.99914,211294.147,25151.12067,58786.85806,36854.19151,39763.45401,25795.93943,60755.76264,9936.238291,23996.5479
2/1/1994,4302.979256,23362.50125,91060.4198,55467.01469,19455.96001,39392.97946,40007.67453,184862.732,23286.94242,62356.11188,29443.71893,28989.86867,22657.79003,54698.38257,6456.041747,24883.09389
3/1/1994,7196.462661,19006.95093,98901.18704,83791.67517,23340.93849,37999.24423,41936.32633,132731.121,19862.93691,46782.03006,23393.08956,27975.67732,25930.27054,45969.85479,12336.71996,20325.35821
4/1/1994,19247.85427,20761.52901,119010.1314,196040.2662,37151.88267,44393.31369,50489.72059,34568.18167,15052.84661,20936.53079,12825.51582,29391.65521,34841.99675,28167.32763,31891.39668,9808.510298
5/1/1994,24767.54155,14589.56724,127752.0619,245567.1612,42453.23817,42703.06196,52709.64852,12209.54693,11917.54369,10488.3193,8350.80798,28286.04988,38746.41505,21565.54081,42186.11823,6973.295455
6/1/1994,18904.60417,12482.90376,111877.8067,173464.5726,35888.87917,36395.62435,51697.63089,34668.2714,11202.6097,10677.14991,13220.6762,28899.29491,33025.58819,34413.13156,33157.48509,14395.19425
7/1/1994,6478.904192,2848.016513,79011.29796,26109.42066,20837.33221,19651.37374,45611.33102,148077.5509,9618.880613,11704.59253,26387.08654,26132.42739,20634.71091,67013.49559,15604.05801,36574.91266
8/1/1994,3566.284959,2269.790468,65946.72391,7536.808544,16172.84909,15531.82294,44700.62938,206292.2858,8963.171489,11907.99665,33490.33513,26675.43662,16311.37671,85230.77888,9765.267348,49017.23481
9/1/1994,8191.810849,21995.19302,79989.97813,39639.7708,24908.8187,33587.80332,55663.0396,176521.1633,12720.9479,20763.41082,34696.57833,39400.13599,22443.91238,82290.72553,13014.67464,45132.85253
10/1/1994,26444.83194,208722.067,112583.6656,286611.5322,49542.10319,90517.62173,78672.06548,112983.5439,19988.26576,38858.47184,34968.32591,67729.26513,38088.45187,73053.50102,23357.12628,37589.93388
11/1/1994,35988.25404,307405.3848,129397.3069,414862.5593,62405.85801,122164.8847,91616.60029,90062.6172,24546.35121,50476.34872,36143.17245,84263.31327,46262.27352,70346.76667,28023.65568,34050.07719
12/1/1994,26764.91402,217854.5483,126674.0275,308294.9086,50310.0388,95930.49362,83083.33423,97997.83889,26139.38303,54042.17944,33681.50164,72170.4216,42025.27461,66863.7323,25320.21805,28006.98894
1/1/1995,9274.606627,59314.84336,118959.7842,106118.2586,27401.80623,48327.97308,67836.99663,133095.5313,29290.10218,59027.63616,31122.50846,49632.5874,33131.60684,65675.21206,16352.8901,19718.33207
2/1/1995,4398.028816,17915.46551,116346.1596,50058.53897,18728.40409,30136.78452,60072.13262,143065.4363,30972.61216,62681.33914,28668.51147,39642.13834,29416.73551,62066.08455,14398.1902,14293.0835
3/1/1995,6944.364557,15298.69113,110073.0562,75440.20248,21778.78968,31328.24241,54664.87075,104456.0324,24171.28566,52054.0247,23589.98007,38377.27426,29104.65765,51290.70339,23751.9197,12580.58443
4/1/1995,17202.24872,20681.34018,103603.3591,186984.6066,33398.37078,42492.87741,49122.11423,28434.74194,13121.78122,35262.01351,12917.16898,40240.80252,31150.39432,29352.49516,49121.90809,7888.08002
5/1/1995,21817.57734,16413.97255,97342.13672,234057.5339,37501.52393,44049.73291,43729.72632,11761.93026,7983.85789,26216.14665,9373.402664,38869.31666,30812.7605,21545.95912,63000.9001,6645.14447
6/1/1995,17407.17395,14888.68727,88567.50419,162891.8595,30191.10529,36272.38968,40420.15945,32266.32779,7705.360886,23902.83984,16778.42836,36322.88082,26772.84518,34887.54572,48603.19182,15311.77551
7/1/1995,7321.907388,4671.800357,66211.48115,18551.50638,14971.62133,16585.69902,33798.82149,121653.9655,6888.305877,20405.53537,37938.80399,29705.96943,17253.01904,66633.77238,20319.56664,40731.65118
8/1/1995,4837.246676,4138.565757,58930.36187,4158.337596,10188.16263,12058.85348,30784.60231,168923.3797,6630.004045,18219.09327,49555.74744,27466.41031,14186.94984,85066.61996,11766.69257,55453.48817
9/1/1995,10047.84594,28681.63389,86079.15698,28585.15602,16812.21604,29118.4475,38429.57621,160856.6548,12277.69008,24154.37135,44168.44857,35573.62025,22393.03111,93445.60765,18446.74079,50431.86065
10/1/1995,28232.95707,199627.1623,150639.3906,267596.5498,37058.65993,87639.42153,55448.14816,129448.0424,25489.88535,35195.9523,31642.22729,53949.55697,44069.63106,101714.2509,41551.18007,40427.51553
11/1/1995,37874.21628,291679.5903,186758.3689,390899.4903,47532.96102,120016.1292,64648.44734,122613.68,33520.89505,42138.4647,27246.63467,63962.65386,55888.24101,110084.1585,52597.71237,35956.89491
12/1/1995,27862.82665,213205.2474,165747.2405,296746.9599,39247.37905,95258.44926,59662.4045,134699.2776,32707.21959,46799.583,29834.13804,56960.78917,47290.12794,105787.5906,42448.10756,30401.58955
1/1/1996,8546.748832,77472.94515,118847.4327,115338.1938,21823.75874,49396.73478,48203.15862,172773.9191,31033.53733,55103.83035,38671.75129,43597.58266,29723.98534,101288.4323,21668.1291,23071.6087
2/1/1996,3753.586667,32348.63989,101594.5258,61736.60747,15983.57636,32050.13611,43807.41965,186999.3362,30241.80256,60094.92968,41758.06286,37487.27549,23118.74166,97000.44085,14859.05349,17913.09766
3/1/1996,7151.664501,26058.41496,112885.0415,87925.1987,21271.66491,34006.12911,46156.42173,141352.7447,23763.66011,50128.23998,33570.18585,36359.14185,26445.273,82111.12687,20993.81741,16306.29364
4/1/1996,21609.25378,23972.05608,147530.7947,192590.1952,37117.53357,46212.11669,51921.28001,52916.94874,13481.71406,33941.83622,17447.08398,36449.18383,35944.11885,53891.65851,39737.91018,12558.43351
5/1/1996,28569.60636,16344.16377,160944.8578,236788.7614,44507.69269,48725.61064,54435.70386,27678.46344,8429.133861,25518.66163,11818.968,35282.04293,39960.30936,41954.91074,48724.10428,11185.66875
6/1/1996,22102.13986,16297.78015,135982.3475,172859.0435,36091.77374,41653.27268,54036.01613,53555.58782,8479.152084,23608.50215,17674.94802,35109.77324,37609.57178,55431.43075,40303.98554,18129.89774
7/1/1996,8360.755716,7942.452394,86262.6242,40088.34264,17459.7522,23586.82992,50800.16939,146071.8087,8578.853001,20776.94155,33958.89179,34553.00907,32272.50809,88943.2307,23598.57738,33964.70337
8/1/1996,4902.230797,7919.783591,66866.70628,16560.82678,12150.43617,18762.95705,50421.61618,193658.2281,8629.162582,18947.89532,42410.00733,34382.63525,30120.8715,106338.1062,17366.49691,43371.15968
9/1/1996,9930.013488,40269.76402,84522.66952,57800.83058,21329.81162,34764.21303,55638.21443,170681.9632,13722.98442,24690.16312,40346.10088,36340.35568,31087.62041,101774.6631,21043.9257,42526.13695
10/1/1996,28422.46899,211315.609,128078.3753,276727.0126,49622.86868,81273.81051,66347.63822,118560.0413,23973.46819,34760.8828,34805.88257,40311.63695,33482.33282,89954.81552,32995.09377,40498.92402
11/1/1996,37976.14896,305450.5563,150209.6862,391954.4653,64553.02535,106891.2838,72035.09264,100117.5103,30463.22921,41319.88227,32929.39438,42372.28655,34492.14862,85732.01397,37903.2839,39677.86844
12/1/1996,28155.38205,227213.8346,147617.9385,300783.5221,52216.10597,86239.90569,67163.26914,110063.4484,31270.3026,46898.23493,31939.72306,40575.0765,34507.51856,83125.1705,30502.62233,32679.20754
1/1/1997,9086.989905,94005.66407,135810.7409,125850.725,28083.0193,47883.86823,57570.41797,147664.5322,32928.95577,56623.17148,32727.33856,37709.08243,34904.5298,84731.45635,15367.86689,21530.66129
2/1/1997,4219.627864,44637.71197,133383.6815,71111.98097,19395.33095,32807.02622,53067.82676,159902.4275,33757.45508,62642.31324,31680.836,35961.40654,34920.06964,81988.20954,10444.80504,15662.95919
3/1/1997,7891.38223,33657.62395,134665.5775,95992.29406,23514.64975,34669.10555,53203.75527,119148.0403,25832.58914,53521.51528,26279.82544,33904.51103,32794.40056,68483.33412,16192.32807,15943.37952
4/1/1997,22893.90761,21340.30143,143530.7546,195922.16,38019.68694,46226.66243,57123.6991,41587.60936,12982.13079,39100.47546,15788.81992,31094.24068,29489.56815,43248.83313,34035.89396,16535.11194
5/1/1997,30163.63106,11007.68024,144884.1561,236250.6082,43687.17589,48582.94277,57269.27063,19967.52327,7237.031594,31068.4535,11704.50846,29086.00229,27445.62762,32625.21585,42952.1844,16820.91315
6/1/1997,23477.46132,12804.01833,127089.0893,168275.2318,34520.13718,40193.3948,50708.03027,38888.86737,7140.837619,27144.07104,16812.67162,28935.75703,26943.80423,43102.95102,34359.92165,22634.97491
7/1/1997,9332.298492,9238.418649,90871.1218,27634.43908,15399.20255,18703.03597,35234.122,104680.1703,6949.91825,20378.1017,28991.87819,27939.94072,25965.28273,66335.92964,17629.82909,34552.95097
8/1/1997,5616.245355,10375.05688,76075.64035,8905.983368,9831.240668,13769.35551,29997.51151,138942.1021,6855.017742,16933.97864,35747.7908,27794.1089,25472.50625,79307.96029,11751.13734,41614.45514
9/1/1997,10691.45615,47643.52447,95457.23785,45614.57755,17831.55678,32591.60852,43123.36648,142365.7276,12464.06401,23124.91966,37575.33102,32000.95038,27840.21102,87963.11007,15144.03357,37882.59389
10/1/1997,28835.11377,227527.9943,138803.8643,310119.1312,43993.68025,97231.98779,74970.03423,140469.6431,27149.34199,36252.55575,40429.79457,40108.81963,32378.72908,103031.0337,26583.4902,32357.53417
11/1/1997,38116.99188,327391.6233,162230.0914,448403.8583,57618.83823,132827.9345,92464.42386,143768.3438,35575.22514,43908.39219,42304.96441,44768.90623,34916.58279,112260.6455,31449.18395,28821.62678
12/1/1997,28197.89435,237123.3824,161926.0443,339509.0104,46576.48151,101825.0777,83157.54191,130283.013,28027.43288,46562.05206,35272.24102,42695.27414,34089.68813,94798.32086,25059.32585,22187.83905
1/1/1998,9847.513067,81987.33897,164859.5531,144278.596,25283.73767,46883.4839,66733.89988,118435.9203,15523.5478,51499.89995,25374.66104,38911.17065,33266.45738,69294.76585,11347.99213,12202.46235
2/1/1998,4503.701679,31591.73965,164549.4155,76150.96847,17426.72551,26359.95447,58323.8934,104761.4403,9802.328557,54276.72086,19055.39687,36924.8538,32439.47164,53648.13618,7464.00034,6998.124046
3/1/1998,6516.785254,23318.92138,130948.0314,77631.43549,20279.53682,26249.56163,49865.20671,74678.63941,7663.123648,43922.37919,14724.9421,34009.97555,28476.07098,42442.09797,13632.00753,6601.413606
4/1/1998,14978.23463,14370.89003,78053.17826,113569.6381,31456.85591,35142.47149,38247.29141,17473.97093,5147.529178,27736.08464,7377.414298,29831.50477,22822.06577,23505.77041,34738.98403,5795.464322
5/1/1998,18513.15864,6469.32505,51111.36888,115694.9328,35336.29235,34994.05525,30433.98436,5686.638172,3154.085718,19180.65756,4303.904473,27035.07666,19132.01531,15072.99868,45560.70847,5424.919408
6/1/1998,15359.60673,8510.784919,49174.45285,86180.42906,27131.85174,28106.47326,30134.72424,18105.39089,3089.385104,17108.25779,7143.68123,26965.41857,17706.91892,23169.23091,32576.3075,10193.61627
7/1/1998,7892.981291,7741.494551,48927.9334,22628.11563,10060.94496,11051.64942,31175.95642,79147.84641,2373.551703,13805.58538,13640.53646,25492.59241,13489.67637,40894.76028,7796.987227,20681.71215
8/1/1998,5853.753503,9239.180661,46921.70478,10842.23903,5699.840055,7464.320545,30863.25069,111349.1604,2322.779381,11902.75469,17520.56264,25426.56843,12308.96769,51484.51149,2629.587701,27273.26086
9/1/1998,10140.26521,40156.32479,62214.36182,40558.64534,12741.21499,21718.03003,33861.79288,121124.9932,5993.668916,17563.65993,24926.9009,32264.83917,20530.35594,68869.72822,5943.425072,29930.02699
10/1/1998,23073.10649,177386.6617,84126.52594,187984.1039,36722.09351,75826.14249,36557.99322,120420.0911,16890.76181,27772.88499,38425.08513,46060.52081,41404.79368,98040.74304,22611.08222,33647.2545
11/1/1998,29928.63227,254550.3216,100725.2563,267474.7892,49792.88099,105872.0569,39531.94028,129413.2099,23306.38039,34542.42703,47226.83793,54115.48914,53244.24529,117801.4601,30705.20829,36390.4789
12/1/1998,23360.26124,198794.0167,127760.2177,227266.1069,47618.0255,89025.80061,47763.0665,143864.699,21175.8578,42696.68798,41565.07694,50122.99005,44511.96103,108757.7968,24942.70948,30608.26661
1/1/1999,10195.83385,105042.5914,172294.4935,141856.3671,40561.16228,56521.87413,63906.47821,179544.8352,15482.98608,56836.7948,32185.56357,41971.6699,26695.01487,92585.80492,11843.7796,21042.09399
2/1/1999,6207.597936,64096.83876,202385.7083,111363.8187,38619.9538,43330.02059,73300.70755,195934.1271,13750.9687,65950.92278,27110.07226,38339.10822,20179.90687,84188.65178,8285.436734,16141.20024
3/1/1999,9681.568213,47128.56986,189649.7981,121608.8142,37375.88392,41640.10528,64009.81424,150111.0377,15308.04522,56593.28242,22167.36416,36722.22188,23817.07826,73066.5433,14068.78367,15486.70577
4/1/1999,21137.75448,21632.99083,167617.0319,165547.2461,38316.39894,44711.9088,45037.54415,60595.12462,19849.61837,40446.11884,12704.44023,34576.38266,34264.96595,53189.82699,31852.363,12787.92437
5/1/1999,26719.58079,9462.210241,155550.3961,178410.2101,36997.11068,42820.57013,37390.48148,33970.22821,21682.23928,32433.52035,9058.83248,32983.8589,38804.42908,43639.60626,41131.6323,12223.63726
6/1/1999,22021.66473,13415.79893,134624.572,134319.5438,29979.49038,37404.52106,42275.97437,62265.64717,18141.14236,30145.36081,15142.72729,34665.75844,35846.60497,53992.56674,32826.0047,21251.43838
7/1/1999,11408.20625,16754.82088,98498.05752,39364.80535,15242.83732,21011.24541,52488.72339,160116.3302,10590.37294,26476.86864,31780.40436,37236.9004,28383.50742,76886.55613,15904.8942,43036.46379
8/1/1999,8314.488123,20568.523,80369.86299,20129.05129,10584.31237,17453.77833,57926.07087,210143.9948,8021.782507,24302.08808,40889.18466,38959.94747,25830.86119,89257.32239,10517.533,55867.85066
9/1/1999,13297.30563,62981.65612,94167.07949,64192.14336,19549.8503,39064.97626,63171.20574,178466.6751,11823.84456,30441.04328,38594.41098,41667.15213,29795.63139,92020.12148,15289.5728,49861.68555
10/1/1999,27750.25337,208448.0086,124806.6996,266595.9135,45927.69134,105994.355,71925.88222,112543.5786,21407.70406,41542.29084,31502.10893,46558.84323,38293.03481,92631.44301,30724.35317,38161.3858
11/1/1999,35314.45013,292331.9766,140756.2785,375108.3585,60367.84048,143746.6526,77440.0759,88256.53876,26616.58065,48514.03149,29510.62318,49399.31972,42790.11056,95331.52932,38032.73056,32935.05212
12/1/1999,29321.29649,220024.0148,148089.0219,294238.728,54392.46817,115780.9924,71374.04187,99779.88263,25688.71528,52714.67768,31518.26789,46475.83704,41610.85463,94174.02767,29731.91627,29689.56208
1/1/2000,17668.63315,97170.74045,151950.8177,136848.8842,41389.18872,64791.8943,61041.65372,140355.8519,23723.21458,59947.48172,37526.46982,40879.56575,40092.44102,94642.26703,12318.85963,26635.91571
2/1/2000,13129.44485,49605.03551,159119.803,84981.3981,36281.16215,44158.27539,55371.89344,154887.0456,22834.23261,64371.91689,39773.68139,38135.49589,38923.0772,93464.53459,7547.450015,23366.88063
3/1/2000,14551.922,39158.22403,167229.3794,108772.7177,35301.64913,43236.83031,52453.45284,123074.1024,19446.55281,55537.60139,34115.84879,38130.93836,33534.48178,83753.19838,14135.69036,20988.20365
4/1/2000,19949.29332,29210.05562,189194.0872,200247.2368,37543.5719,49449.91932,49139.60321,55073.23551,14692.83439,41116.64345,21418.66311,39386.05631,24759.82691,61655.11791,36780.56986,15667.06936
5/1/2000,21725.72408,18581.81001,197944.4752,236185.6866,36472.12293,48373.11511,46244.45882,35875.12618,11593.3256,33339.0879,17160.34765,39381.3482,20019.50045,53568.428,48473.29542,13664.49843
6/1/2000,18414.9826,20669.13437,164291.4376,171836.0766,29806.30516,44836.96557,46781.93797,69608.63831,10340.84001,31351.26864,25289.98924,38336.59549,21025.67264,71894.45409,37790.13472,19979.43221
7/1/2000,10064.58657,14653.35303,100747.3307,40179.02239,17009.47887,31924.78568,46319.36962,174753.0299,7162.530008,28276.60289,45796.48345,34840.66066,22537.65066,117613.1034,16416.92272,34091.02522
8/1/2000,7858.501278,15997.42422,74794.36651,16124.79025,12109.75119,29191.40588,46845.4897,231796.8734,6175.446413,26362.35995,56936.91162,33864.57924,23566.9225,141503.2533,9946.830432,42278.42807
9/1/2000,14695.91215,60881.22275,94638.30281,54790.18736,17777.76994,50257.80843,53958.14067,206924.0967,11418.02358,32242.03716,51908.60493,39078.7601,29622.42685,120043.6433,15326.24684,41307.54671
10/1/2000,35078.51012,247469.5125,147207.0536,259754.7209,33101.24558,105472.2861,68180.59383,151409.4335,24767.41453,42247.74509,41765.66412,50377.42718,40917.42638,75973.57478,33529.89636,38775.65378
11/1/2000,46216.88325,352488.8431,172723.3906,367223.092,41103.47076,136624.7041,76121.29271,130723.1071,32560.95594,48763.7979,37285.94501,56307.87592,47862.21396,59435.77213,42241.10124,37842.34511
12/1/2000,36465.60662,262004.6444,165296.5557,283288.1872,38543.28367,110401.0099,69835.11346,133856.4594,30476.62954,54001.45702,34619.39087,50885.6969,45321.35967,71246.6531,33559.0024,32952.00111
1/1/2001,17186.57521,107391.0894,138473.029,118900.7336,31511.74755,62934.92763,57675.59604,157888.9053,26146.66649,63371.89714,32530.97782,39142.76892,40552.32969,108865.8133,14930.1277,25642.83699
2/1/2001,10913.12387,50737.80455,131958.6935,68839.24661,29269.69567,43328.85815,51970.39988,161500.2802,24227.19603,68974.95837,29816.17618,34474.43021,38143.81301,124346.6625,9719.477424,21174.02413
3/1/2001,15122.30092,40034.10605,152203.2775,98357.01982,30898.55679,43259.21422,51440.00408,126512.8145,20569.13747,59393.1445,26935.846,38433.80087,34047.85731,96641.52415,17266.39488,20274.13888
4/1/2001,29371.95678,31045.21878,204315.2704,210136.6686,36329.75471,51814.5393,53007.54909,56605.86743,15797.57519,43540.1836,19915.50534,49419.1667,27058.81656,40147.30373,42680.91057,16578.24285
5/1/2001,35767.31706,19715.72527,228300.9413,258643.2302,38149.02376,51730.98746,52455.29614,34967.09889,12380.38014,35164.70095,17530.88671,54034.74019,23358.49344,24012.33243,55662.22095,15808.22526
6/1/2001,28094.72615,21988.05595,184535.7883,185346.1013,32507.22153,45256.47323,50691.15478,64528.03369,10630.04467,33127.11545,25961.60795,47204.09312,26006.69,45214.36384,41212.86848,26150.53189
7/1/2001,11281.18116,16265.16111,101104.296,33653.53927,20339.05951,26949.56482,44500.10616,156112.0056,6472.105182,29515.06609,45472.88692,32199.28899,31857.58952,115796.2451,12956.32768,49580.19204
8/1/2001,7042.844322,17788.62507,69671.28469,11638.98839,16067.80842,22450.42796,42895.58398,205159.3795,5196.347718,27580.66982,56619.82703,26751.59996,34801.77004,152761.7506,5961.336997,63631.53936
9/1/2001,14909.97452,63849.21382,91453.41931,52713.47235,23113.13208,43531.00722,53003.30986,190729.6149,10679.5471,35296.26409,52795.28605,34572.11106,35757.64044,130536.0043,11956.33532,60216.26859
10/1/2001,43193.91876,247576.1317,151226.7652,321110.1126,41983.71164,104121.3174,74100.68591,151101.3796,25831.17198,49516.68961,43686.66395,54314.23367,35871.70281,81969.52498,35933.58473,54129.21854
11/1/2001,58112.94323,351329.4104,180316.9374,461740.4524,51791.536,138092.588,85968.49019,138734.0557,34594.37731,58399.13974,40274.8017,64334.02121,36805.65596,65149.01423,47933.90651,50874.59371
12/1/2001,43298.138,259506.4579,176636.2974,352757.435,44038.75236,112499.0946,79578.8239,145691.5647,32667.45071,62015.17065,39539.53435,56895.74512,38178.64123,77779.46079,40151.50877,40499.18775
1/1/2002,15220.86984,103104.511,156903.7152,146878.3953,28350.07296,66241.52232,66205.57669,176249.2556,28783.8587,67651.7683,41480.79817,42270.99034,42241.12994,118621.5197,22997.28792,23819.28218
2/1/2002,7304.16206,46644.80973,153564.6739,81214.20098,22292.8561,46733.55112,60425.60114,184282.4244,26979.58293,71379.12479,40694.81563,35913.54215,43707.47796,135193.1854,17468.12645,15615.30819
3/1/2002,11486.9681,35602.67929,166592.6109,103414.4037,25282.07094,44514.92655,59580.82217,140520.3199,21773.55837,62466.1069,34561.3862,36470.46751,37313.3921,101886.2949,23147.58563,17046.40963
4/1/2002,28539.06014,24760.64393,208579.0538,200925.5909,35592.7911,48127.70603,61496.39016,57566.4489,14313.42648,48287.29864,20869.91119,41139.09566,25326.90726,39090.8111,40094.99898,20129.51669
5/1/2002,36157.12484,13628.55312,223707.3607,236435.7038,39356.13248,45603.19901,60611.91014,31530.11761,9815.711205,40250.68368,16367.15609,41757.86474,20089.32468,20105.61602,47994.45283,21688.56759
6/1/2002,27747.81502,15328.80295,166191.5854,166001.7053,31518.07642,41329.09495,56293.6997,54996.43349,8522.862314,37477.01768,26716.93272,37092.0396,23748.76806,33607.57288,37571.54819,30191.91572
7/1/2002,9462.958281,10044.94598,58183.99808,20458.9089,14740.77223,26100.00641,45585.60892,124449.9932,5487.382888,31921.09708,53668.37847,24872.4152,31585.44473,76560.5782,17746.60836,46235.294
8/1/2002,5348.010043,11047.87421,27390.59746,5380.564886,9861.595722,23089.50389,41798.28041,161669.9845,4506.14586,29369.80283,68653.67765,21293.51023,35802.61691,98503.43413,10933.33218,56395.57621
9/1/2002,13132.03168,52730.17981,51292.40446,38299.52621,18253.63205,47895.4897,52888.11067,179697.0223,9756.471252,38673.10009,62955.94388,33602.07458,39573.93836,104707.9877,15112.05946,54077.12979
10/1/2002,44444.40622,259560.3273,134810.2349,347686.0569,44545.74334,120112.4719,77060.31824,200757.2799,25332.14985,56602.68843,50762.23146,65553.65382,44985.09512,108568.5615,28362.70099,50806.70826
11/1/2002,60984.63082,374153.9939,177662.047,508395.2247,58575.39691,161095.2477,90417.82609,219060.8645,34194.93601,67578.74467,45710.90904,83128.47711,48899.09298,114641.9906,34506.56614,48530.90403
12/1/2002,44526.96297,275684.6788,182696.7181,385288.7184,49143.85975,128784.2804,84443.85567,201821.8556,29257.91414,70777.5669,42674.8595,69413.86907,46878.8119,109428.4479,31134.73287,38043.38771
1/1/2003,13215.52231,107656.4749,181284.5524,152566.9027,30658.6395,71668.36544,74042.55278,185347.1253,20541.13677,75281.28887,41132.41737,43809.77179,43913.74057,105976.5039,21911.50258,21077.5081
2/1/2003,5466.960199,47837.39865,186146.3291,80929.78365,23377.32028,47665.10341,68405.63846,168036.7371,16371.38673,78536.53643,37981.96818,33022.66551,41936.00975,100674.8341,19250.32762,13055.59847
3/1/2003,9869.517493,35902.12648,169835.1184,106090.3136,24678.04023,43961.53115,59539.80876,121496.1376,13416.4765,68826.17471,32307.61444,33318.5627,37466.24968,80605.66206,25285.16979,14183.89343
4/1/2003,29448.22567,22444.99311,152735.7545,215551.9664,31497.09356,44314.98097,45465.07037,29595.10719,9673.408861,53873.61588,19562.06284,38468.19867,29447.60642,42084.73262,41849.27704,15570.55475
5/1/2003,38532.2238,11267.59377,136508.2815,256872.8566,33074.10869,40238.1788,37510.58212,11219.22644,6941.116765,45024.3373,15394.26432,38806.82174,25458.58404,28132.72225,49912.93238,16717.88771
6/1/2003,29550.55053,14425.41312,106786.964,183888.177,27281.79775,40677.84023,40475.34752,39487.66637,6462.474373,41162.04682,26527.67284,35836.9796,28978.80954,45248.54513,37176.79058,28555.55754
7/1/2003,10220.6328,12142.06537,47164.3072,31229.74298,13953.05077,34700.10085,44396.45203,184613.9857,4321.525576,33663.89735,55590.11788,27747.9577,36372.58764,92946.62263,12458.86984,56219.93275
8/1/2003,5757.657828,14322.69109,28974.81018,10677.70592,10192.12296,35071.14227,47426.48708,261636.5546,3975.849871,30178.09039,72023.72704,25240.67959,40312.38802,118455.7071,5966.491734,72695.78886
9/1/2003,13350.70937,62146.24354,61213.88262,54975.5511,19448.82627,59564.75688,60900.06089,241048.4597,10005.62455,40174.01225,67269.15508,34154.36271,41997.02434,114810.6703,11810.63842,61176.27839
10/1/2003,43121.72831,279200.6292,161558.6938,363826.2769,47277.66701,120156.545,85415.25514,185848.8717,28375.36145,59953.9076,56391.83037,55101.06881,44003.2041,100129.7843,34679.36903,40562.5472
11/1/2003,58755.28654,400619.1134,217292.6449,526173.0958,62523.34766,155168.7401,100889.1358,168493.0345,39045.31944,71899.20085,52102.92685,66505.19586,45700.24113,96846.60462,46159.05107,31152.73849
12/1/2003,43486.98515,296409.2574,216982.6613,412678.6273,52571.98533,124994.715,96581.60911,170707.0938,34157.31911,75522.89155,47793.24278,57859.73533,43857.55477,99122.61109,38245.5799,28009.71431
1/1/2004,13585.96933,118925.7273,203166.642,199563.2946,33044.33807,71948.6674,87211.67622,197266.316,25080.90932,80528.00397,43703.61994,41430.58553,40874.33005,112644.1214,20131.33317,23928.25302
2/1/2004,6235.000152,54444.606,202875.9809,123859.6539,25328.91398,49053.02192,83140.47217,199792.0875,20892.37682,84214.94243,39372.12546,34152.48393,39081.66538,115172.5459,14879.18516,20903.84256
3/1/2004,12219.03052,41042.66672,187241.377,136300.0515,26468.74795,45780.31068,76299.85161,148688.5965,17455.71385,73988.05361,34430.25459,33892.93054,37449.00458,89158.33275,22826.48167,24708.90442
4/1/2004,37084.89525,26160.77634,168223.4198,208775.1715,33092.39023,47102.72543,64329.89067,45310.26923,13262.11417,58327.0571,23173.36318,36494.82686,34428.47212,38487.69062,47241.19126,30222.62919
5/1/2004,49276.09434,13476.40915,152897.0635,226236.7711,34458.62594,43476.22991,57994.4279,21582.13041,10011.00844,48971.76489,19289.80789,36213.19127,32859.07639,22631.47167,59441.18023,34255.70452
6/1/2004,37930.01041,16437.81451,134999.5167,163234.0574,28744.98383,42821.04465,63445.68143,60075.60036,8854.87739,44459.17801,30795.82893,34271.98188,35403.45148,41068.83771,43830.6285,43037.66629
7/1/2004,13944.74681,13561.32261,100872.8078,30136.87732,15379.34372,35382.72897,74184.0771,225226.924,5340.006773,35706.94664,59491.54862,28739.8909,40118.72263,98100.37021,14102.04188,59392.61011
8/1/2004,7993.095237,15631.53851,85455.682,11193.65073,11564.0182,34832.94194,80053.65914,313183.1744,4538.090805,31673.29334,75673.13431,27014.28579,42808.65477,128495.7294,6301.189459,69457.97822
9/1/2004,16497.15795,63849.13888,109616.5102,57114.47195,21451.63808,57153.32908,83917.26376,267930.9016,11118.90242,42425.76002,69187.31707,34021.8233,43618.6226,125342.9004,11525.76866,61355.41167
10/1/2004,48064.03203,273727.692,163288.2711,365891.524,50525.80527,111638.2854,88025.12451,173881.3635,31563.93619,63936.25097,55363.42161,49731.69939,44686.53632,111351.5698,33220.54651,48231.30234
11/1/2004,64412.81549,391501.1951,192778.9151,528962.2422,66466.83225,142992.1703,91899.47987,138545.5662,43299.51098,76863.95561,49636.65215,58225.53751,45501.20671,108478.4031,43582.32393,40892.77731
12/1/2004,48634.15248,288815.1129,190894.8138,415173.2339,55540.36248,117586.5443,92712.39562,144386.0702,37478.55283,80836.79342,46807.92624,51682.76309,43541.25697,106203.0271,34547.12956,34516.92035
1/1/2005,18385.12002,113371.9497,180379.1337,199720.4684,34573.08187,72946.74036,95451.05483,182588.5853,27552.891,86332.3228,46560.07916,39654.41576,40848.79265,112032.6439,14329.20977,24029.65257
2/1/2005,9555.770103,50825.43939,178581.0739,124315.0818,26105.72539,52842.17175,96280.70901,189687.2585,22486.67459,90376.48985,43565.35208,33906.74269,38923.37026,109579.8185,9254.440078,18585.30864
3/1/2005,14772.10988,39143.61095,171964.7924,140562.4498,26766.19273,48031.08789,88140.23616,142309.1563,16994.43442,79295.18735,35728.56876,32262.84155,36675.83709,83904.53764,18513.35016,23193.03879
4/1/2005,34654.34062,27631.98147,172783.5067,221574.2306,32750.45588,46178.805,73982.22816,48979.75615,8745.206161,62305.32675,18726.63294,31247.46197,32675.1474,33446.78898,51013.68308,31260.6414
5/1/2005,43698.00427,15877.75295,165869.7201,244531.9644,33539.1267,41038.35885,66454.0769,24534.98498,4569.414002,52183.86578,13464.99184,29569.81611,30542.06302,18698.95004,68020.98102,36441.81463
6/1/2005,34309.65511,19622.26558,133260.7732,180653.805,27792.41742,39125.83614,68446.69494,55487.25888,4601.379837,47346.80746,25744.37522,29614.72192,33058.78958,38617.26097,49414.3359,47051.54396
7/1/2005,13984.28895,16451.80206,67075.10971,44384.99738,14644.82774,29561.70842,73124.2102,168664.8814,3962.990348,37449.97181,61216.84015,27520.70056,37610.23572,105749.9626,13168.61844,66187.46034
8/1/2005,8716.130542,19088.19378,45344.27012,20105.68873,10827.32426,28042.42853,75192.77978,229060.4138,3990.331346,33188.65055,80986.19166,27562.36795,40270.9049,141734.2465,5215.285886,78366.01622
9/1/2005,17346.58051,72258.00416,81168.62017,75417.31389,20248.848,51074.86305,79356.01002,219506.7048,10338.67831,46194.37764,74236.96818,35760.93149,42194.85938,133323.7909,11831.09567,70429.52344
10/1/2005,47392.01315,290282.0147,182844.6153,366015.0369,47922.77084,110481.4755,85495.22678,184789.4995,29020.82553,73461.66373,58718.01563,53159.89371,45002.58349,108552.1006,43174.27641,55987.16743
11/1/2005,63137.24618,413334.782,238833.3597,520876.59,63140.15764,144818.9487,89756.95512,176380.8312,40061.39547,89600.52623,52845.82341,63074.35625,46965.07782,101243.2523,58658.32609,48876.90657
12/1/2005,48477.74067,304989.2033,230744.0249,407695.3731,54012.07152,121166.5758,90237.81809,178830.6693,36513.779,91121.81004,50763.16096,55675.75004,45318.33868,103221.6471,43369.3975,44801.92601
1/1/2006,19682.5945,119955.6835,201682.3422,193922.8887,35795.14838,79003.33303,91413.28754,203414.5163,29456.3036,91316.20809,52306.27806,42049.78774,42785.58476,117846.0744,11727.46989,38324.39616
2/1/2006,11150.59687,53863.1876,194354.9601,119398.7001,28515.46513,59840.8291,91897.83234,206163.4751,26286.39664,92815.70323,50068.49651,35605.54113,41172.25487,120062.2909,5342.232869,34489.80538
3/1/2006,17416.80863,41643.12889,190091.6977,137363.4113,29170.38649,53164.83787,86445.88012,152924.0086,21800.29976,82999.08868,40760.22543,33759.67113,38887.16037,93458.63477,14594.29724,39417.79846
4/1/2006,39888.86993,29919.62416,191011.4186,223066.5133,34796.30147,47115.57898,77914.53288,46284.09995,15711.77847,68754.44943,22653.27329,32698.70741,34802.85693,41519.3149,57249.17554,48819.21319
5/1/2006,50442.93363,17493.33548,186629.2485,248865.6115,35560.37878,40349.58638,72669.86427,21564.71279,11640.86854,59531.80511,15948.9901,30807.43903,32630.0884,24997.50013,79461.07797,54244.32201
6/1/2006,39262.19645,21402.04036,169917.3329,182182.8753,29565.31976,40280.83464,71161.60285,58873.18726,10489.35299,54085.74545,24701.73661,30580.85356,34958.05468,44575.18497,59467.74649,57276.46481
7/1/2006,15415.69902,16575.35278,143225.4867,38993.93663,17484.90166,34661.76027,71029.36703,216932.2544,7405.26918,43585.67831,48491.76202,28371.16349,39686.82877,104435.7072,21123.81441,63963.46091
8/1/2006,9277.881268,19135.06257,127602.1994,16481.21577,13037.64422,34602.49808,69491.30938,301079.3915,6492.072456,38705.50278,61178.73433,28159.38129,42164.69036,136306.602,10424.84842,67179.35919
9/1/2006,18726.41971,79232.58465,129635.3138,72835.8476,18862.45411,57828.74165,67418.32359,266424.354,12714.65836,50029.81891,57856.50365,35480.45522,42454.48088,131366.6908,16547.33716,56085.1799
10/1/2006,52259.50413,345935.1072,131886.2254,405538.9093,34266.21566,113885.143,62630.21854,191326.3544,29420.40274,72554.478,48925.47447,50819.29923,42885.18713,112993.5551,40902.65825,33490.99451
11/1/2006,69784.85168,495147.9602,133922.7029,582440.4583,42351.12096,146518.8429,60643.36596,162718.5038,39087.64792,85946.07492,45944.93208,59511.78882,43175.93301,108578.5243,51949.32732,25232.56299
12/1/2006,54031.64419,356864.9326,153796.0717,456542.6323,38958.66338,122615.0141,66056.4155,159519.1417,34625.94935,89962.44708,45364.59344,53444.91195,40807.87987,110079.9207,39984.01443,35746.44251
1/1/2007,23480.5523,116347.6924,189384.7507,217934.5691,30740.78223,79815.1122,75124.50368,177796.2588,26808.51291,93996.95226,48755.34025,41699.60107,36806.26916,124551.5607,13871.62599,66521.58849
2/1/2007,13817.30468,42741.82301,211056.4564,134952.8076,27808.59429,60487.14267,80814.38341,174157.3424,22843.17312,98014.09937,48123.54213,36359.862,34538.84996,126227.4799,7947.784557,81640.37574
3/1/2007,19536.14302,35183.48457,205964.7929,154909.6233,29252.62348,55253.74512,84090.1129,131317.3988,18165.31397,91284.94837,38042.11762,35628.53693,34648.88089,94630.95939,19229.58945,64399.03577
4/1/2007,39962.66917,36770.44955,196059.0981,251210.5892,35083.17362,53257.59919,88549.78676,43668.06394,11410.80826,81766.08136,17579.28715,35873.99589,35030.47607,32959.29278,63778.62467,28774.13593
5/1/2007,49011.97478,26709.92351,191089.4591,279880.2612,36733.55314,47685.50298,91869.90753,22524.40205,7453.19324,75258.94258,11240.95155,35122.2008,35141.36665,16438.18167,87361.2244,18254.01505
6/1/2007,38428.35606,27728.62694,175369.4428,201985.1497,29663.27324,43853.89782,88797.3057,60447.53401,7289.998496,67921.97605,21306.7613,35831.80331,36835.15729,36629.52555,64715.15092,30862.84902
7/1/2007,15019.3228,14546.08093,150811.4625,37331.78065,14315.33215,29877.44774,82794.91105,208198.3785,5545.462161,53357.13151,50770.69882,35372.93474,40820.13329,110306.969,21295.89314,72412.35446
8/1/2007,9310.567717,15061.54245,135961.6839,13897.48037,9835.474007,27017.0773,79827.3208,288461.4783,5418.478129,46895.47555,67060.3486,36059.84655,42614.64789,149504.6435,9832.167521,93415.34519
9/1/2007,20539.10948,72037.37662,136917.8536,69766.73898,18732.19384,52998.47497,79582.76816,269631.1433,13472.05971,58904.39294,66955.95258,41870.21872,39045.21882,143221.3875,16862.93934,73471.30035
10/1/2007,61331.93859,360167.3808,140759.6734,442232.5064,45810.90234,125813.148,82239.61628,217936.2263,36403.76169,84018.78811,62929.61215,53350.60486,32068.96993,120062.8512,45886.44013,34200.83631
11/1/2007,83010.22473,519227.3471,141735.8554,638889.5374,60562.36047,167200.926,81986.12034,201573.3917,50023.82813,98247.07165,62831.34068,59851.92676,28842.32115,114553.899,59388.61599,21457.73924
12/1/2007,62862.83668,375779.2721,150134.4712,499121.9562,52879.73719,133919.926,75753.26338,196714.382,46967.41017,99161.14024,58163.04717,54870.46839,30791.70892,117601.2499,45667.94389,30370.42445
1/1/2008,24479.0433,126783.9569,158856.576,235233.3441,36573.41961,74261.48598,63264.58457,210608.1801,40729.28733,96340.66317,54125.08824,44810.94641,36039.40924,134935.1073,16855.46269,58652.2511
2/1/2008,12933.13191,48503.83447,167272.3293,143741.497,30356.65529,49703.42873,57592.59377,205274.229,37894.33146,97220.62111,49401.78772,40336.53684,38185.17681,138343.3079,9616.400827,71959.47284
3/1/2008,18920.82478,39577.20862,183408.0947,164156.159,31716.92509,48028.08529,64389.82166,155778.5908,30320.38121,95720.71572,39401.12404,40959.51675,36072.41395,107048.5848,19853.13649,62616.27606
4/1/2008,41479.36227,38984.9447,212694.2892,263528.9578,38499.08079,53393.31647,78160.2472,56773.50673,19346.47601,96894.29107,19363.29067,44056.60908,30582.59652,47183.63847,57131.20038,40818.29759
5/1/2008,51450.47678,27631.03285,229893.4411,292676.8727,40082.32076,51463.50307,85623.30425,30334.26244,12904.61939,95351.82642,12776.8034,44716.65561,28679.93344,27691.57737,76567.54073,33659.4588
6/1/2008,41645.16095,29618.02245,214405.2698,218337.1695,33326.59844,49744.18047,87053.44855,71037.23083,11368.9046,83646.88251,23986.90593,43176.73531,32726.47005,47349.78416,60566.25888,43484.24361
7/1/2008,19601.03762,17732.5717,189566.3904,58912.53048,18616.27114,39457.72489,85606.81239,219962.4205,7535.393904,60903.85864,57957.67025,38421.63219,42338.17983,107762.5845,29411.51123,70220.20795
8/1/2008,13564.75309,18847.40867,174806.2881,28498.52288,13883.03021,38045.11148,86990.45981,300086.8834,6358.541212,50994.80889,76416.95001,37000.62409,46997.11338,139377.0105,18851.15841,83161.70121
9/1/2008,24468.20929,80415.01963,159833.3216,96931.94664,22823.69865,61603.16364,90808.7278,274699.6962,14153.06488,62392.33247,69486.37973,42895.74372,41590.70679,135387.405,24208.33035,67875.09084
10/1/2008,59535.32783,363134.7807,133499.1966,427221.553,47497.50511,120051.4536,99049.43727,213841.9306,36677.55229,88586.65296,53281.90727,54956.09244,30185.62226,116637.7831,43029.75645,37754.35417
11/1/2008,77887.32881,520600.1045,119700.5352,604019.3523,60866.55615,153261.1534,103046.154,192066.669,49703.31359,102269.6782,47378.79441,61596.12127,25675.49641,113096.3331,50826.60703,26779.78148
12/1/2008,59191.34336,379800.1148,136304.2682,481089.0947,53842.93874,124202.393,95995.40873,187134.4004,44809.13412,100298.6688,47733.29833,58318.78629,29880.88133,119943.8839,40399.63652,34709.86435
1/1/2009,23517.69833,136194.5528,167504.236,244312.9915,38738.47706,71846.07885,81963.58785,200304.3037,35535.27867,93828.93135,54080.81424,52397.24304,41566.88652,145101.0582,18416.03311,58153.1949
2/1/2009,12659.99591,55959.48345,185692.922,160457.8527,32927.11042,49902.85542,75466.24044,194882.0037,31178.11397,91948.10035,54479.49873,49277.35225,46695.19116,152937.4461,12009.41469,68968.39719
3/1/2009,18851.30576,46184.96373,198391.842,184189.1558,34388.41252,49656.06573,79472.17171,152168.6926,25722.60737,88543.9683,43164.68703,45283.40471,39610.92233,115154.4958,21203.55219,60287.40791
4/1/2009,41592.7257,45117.46927,223908.1308,288515.8388,41302.55419,56588.28301,89070.12671,62200.43497,18712.38764,86506.43507,20237.74974,38583.92539,24696.13823,42880.64966,51133.74461,41017.19739
5/1/2009,51875.73513,33005.51609,237378.1255,321446.0123,42986.12433,56305.63558,93344.40695,37927.65378,13675.37937,83047.66253,13048.19798,34851.68514,19317.34688,21940.68467,66599.74494,34117.47715
6/1/2009,42295.53918,35323.01463,203466.7437,240315.1489,35885.32147,55968.08141,92213.46634,87326.91125,11525.23299,74298.9024,23904.05229,37789.38948,25659.51488,42135.66567,52473.51046,41507.32547
7/1/2009,21018.77572,27514.33766,142221.3441,75480.28722,22841.41383,47313.02215,88777.98113,259840.008,6475.210611,57372.53989,56630.19455,42702.60591,42539.07877,113547.1807,24418.05932,62386.69547
8/1/2009,14863.74355,29208.37507,113776.8157,37010.52962,17206.70516,47025.93683,87675.65526,353720.3791,4990.141602,49715.21724,74316.35087,45782.8068,50969.57241,150336.1966,15423.02062,71815.22029
9/1/2009,24664.48073,80620.28727,123858.8403,93973.18316,20571.88102,71486.04102,88192.36361,306352.6129,11734.64779,59698.24287,68986.45458,50865.58729,44788.34882,138414.6227,22059.92006,58234.08424
10/1/2009,55306.5626,249516.2836,156760.0528,328459.408,29974.7166,129477.5033,90210.04976,214083.0891,32567.13375,81798.39449,56511.61822,60996.32304,31813.61853,108139.8597,45038.02227,30194.96717
11/1/2009,71033.87022,346675.229,168559.7281,452418.8326,34188.69301,162485.95,90735.50093,174927.7568,44453.45903,93517.40429,51779.9602,66537.69865,26720.07457,97948.01643,55454.25758,21011.20723
12/1/2009,53975.56718,266395.4874,155517.2191,378887.7594,32023.59039,132618.5467,88379.44931,161337.1541,40248.40722,91944.20123,48624.42158,58228.97831,29448.3069,100504.1238,41321.22015,32053.8256
1/1/2010,22067.97025,130356.8116,124114.5038,225458.4411,26897.23463,81889.47718,84754.66349,164548.2879,32404.48764,85253.2058,47492.08163,43560.78573,37356.17319,117704.7125,12313.46229,64185.84404
2/1/2010,11871.05743,74128.30122,112752.7363,171167.1749,24946.85879,58086.08236,82433.36059,149412.1619,28623.96976,83769.09467,44196.1331,36310.53501,40523.58403,120624.0334,5912.643767,80632.20749
3/1/2010,16471.97232,58852.88721,132353.7599,197654.3841,26068.90658,50472.44046,81156.97592,108113.5502,22961.5426,84749.69953,36539.78527,36301.67926,37052.24278,92266.25402,15159.89394,69715.94847
4/1/2010,33081.35513,42872.47836,185350.6279,295113.4276,30574.34481,46047.52175,81562.15941,27487.43623,15331.22591,91195.99359,21313.60105,37867.76593,29805.18483,36667.74474,56156.41648,46274.71713
5/1/2010,40304.11952,27844.18946,209259.4641,329987.5042,31836.00982,37867.4198,80258.90554,10497.32916,10312.93753,92239.11638,15663.84613,37858.52589,26724.1488,20397.35457,77432.6637,37683.73982
6/1/2010,35639.52534,29825.33217,167167.908,245064.0682,26015.64537,31644.05845,74987.93505,34096.23462,8500.83656,79248.89003,24609.55282,40361.70818,28866.66637,40368.9007,56441.91983,43442.54306
7/1/2010,23023.61654,20737.43984,82713.13866,70697.76644,12175.52173,13385.27311,59456.11859,140652.1107,3785.948796,52990.82136,46347.2175,42036.2238,34099.89043,105097.1238,15822.36202,60854.80934
8/1/2010,19556.43118,22029.12111,54877.94313,33206.36178,8666.485431,10108.36095,54960.92221,198182.7079,2760.265933,42601.79862,58703.21235,44491.01441,36455.95419,139882.2831,6453.89568,67977.59967
9/1/2010,28590.95228,79236.43905,85189.91821,94440.87178,19084.99284,35090.36593,75734.9592,219379.1814,9599.785272,56108.38002,62054.57015,52587.76179,35379.15539,138654.5931,13211.7423,56976.59099
10/1/2010,53063.19963,307373.0595,166674.125,367278.456,52828.13366,138455.3262,123848.3683,235589.9906,37249.25086,89191.79681,64235.4676,68426.03674,31891.33733,124924.21,44594.34613,36311.8338
11/1/2010,65804.58342,436246.5876,210415.5892,511746.4896,71483.21856,196034.0699,150507.3399,256347.1906,52746.68081,106496.6439,67526.85177,77555.68682,30890.22379,123808.2116,59685.38043,27623.16084
12/1/2010,50940.21695,328870.3529,214852.2858,416600.0544,59611.64779,158451.6039,131416.2918,245386.8188,46172.06833,100299.5593,63962.68063,69084.27644,33766.43888,124800.5785,42686.27343,31664.00537
1/1/2011,22371.56609,145528.5839,208296.9989,225284.1654,35943.67447,89198.75722,92669.31204,240720.6804,33378.59022,84282.12614,60231.54425,54045.35392,40983.94364,137320.966,8484.584349,42796.73723
2/1/2011,13153.78876,74979.02931,212511.3037,158602.7409,27005.52644,61463.72638,76919.02973,229466.028,27836.53478,78731.75699,56677.22588,46491.83597,44200.92234,138404.2762,2869.704345,47640.19581
3/1/2011,19210.64516,60045.38683,208577.6974,189071.0937,29338.79909,58767.5164,81773.65823,172562.2916,24034.87501,81303.11687,47824.22987,44053.81011,38332.13402,106789.7578,10038.71131,47116.06696
4/1/2011,39651.86454,48401.47633,214003.81,304096.7371,39236.5998,63836.77212,98882.24668,59368.74847,20279.30149,91529.0874,29774.76296,41415.82843,26212.27766,46553.17936,52880.90478,44881.13926
5/1/2011,49156.78726,32378.81186,209890.2941,346300.2082,42127.14911,60767.1568,104423.5842,30159.46423,16468.98248,94335.11651,23010.90584,38989.51681,21473.56988,26975.50517,74911.92415,44376.25578
6/1/2011,41539.3482,32138.7118,170541.8959,252765.0547,34845.25109,57265.07108,95649.16915,75047.7873,13573.71603,82390.79608,34753.33121,41438.65476,26631.15246,46862.31547,53930.17107,43755.60496
7/1/2011,23743.98412,18565.22579,94257.76569,69503.11668,19859.8455,43356.50973,77197.55272,252320.7323,6121.221055,57529.15222,65797.06866,44622.00602,39804.91391,108611.0647,12216.34154,41056.10864
8/1/2011,18412.08045,18425.4858,65987.36999,28675.4541,14613.1192,40532.29504,69400.54227,346756.4657,4461.563833,47774.98607,82414.00804,47112.1164,46263.08629,140969.955,4436.900904,40465.36946
9/1/2011,27594.93543,73416.2884,99871.86432,73155.42922,21474.0353,66536.19523,76995.90501,300346.802,13199.21511,61054.86171,73340.9233,53070.87758,41797.99981,137072.9803,12375.75756,45910.52191
10/1/2011,54100.34137,312525.9281,195403.712,269429.735,39840.1686,131710.5335,93814.58275,202356.3673,45553.42752,92801.19484,53231.28129,64481.43707,31278.19767,119476.2074,54963.94294,57273.87453
11/1/2011,67608.37389,446366.2906,244905.3285,371305.7645,49486.91372,168721.3832,102238.0974,165373.628,63697.7676,109380.0969,45716.29499,70990.53135,27537.26654,115980.1139,76443.59594,63346.5234
12/1/2011,52405.28475,340042.7813,220517.9595,327893.5005,45421.91768,139513.0833,100953.3198,170559.0047,54256.80488,102904.7083,49431.42372,64278.03158,32027.53579,119131.6787,53444.46112,58254.60207
1/1/2012,23222.49278,158304.0579,156415.7178,221681.6196,35548.84685,85726.07375,95433.47899,211040.0689,36761.36649,87064.69431,62958.88912,52008.43404,43788.80233,135166.6767,7028.905094,48417.90477
2/1/2012,13732.36398,86288.41781,136966.5956,187852.6715,32054.72987,63026.12551,94203.29348,217266.8526,29017.16993,81218.15588,67359.93428,45943.9265,49173.12136,138650.2819,1719.100421,43780.43806
3/1/2012,19700.14324,69050.52431,170031.6866,219344.7089,33939.42328,62708.80074,96172.22753,160617.0785,25026.46358,82619.14981,54234.1766,45135.63945,42320.07632,109677.0415,9257.994486,43541.65717
4/1/2012,39691.11404,53092.79562,251538.8307,319332.9609,41332.69821,72074.2587,101626.7745,45124.47004,21629.77103,90602.35904,27550.7469,45155.47982,26826.42791,54224.81427,73532.90165,43538.48241
5/1/2012,48919.27837,35428.99545,292490.511,359424.557,43507.19603,71707.68702,103665.6378,20537.01875,17526.37395,92113.10812,18753.90097,44332.09228,21642.9459,34757.71905,106536.44,43298.40234
6/1/2012,41907.60759,37151.20892,255002.8283,266401.4821,34614.10576,64485.05428,98437.58765,62597.51121,14183.85502,81170.53285,30362.35213,46048.4279,30251.6262,54099.46668,74825.65832,46682.11524
7/1/2012,24644.20109,26034.77194,178448.5159,74883.64461,17326.52369,42877.8018,86761.9925,249507.625,6052.326872,58141.71767,64481.66576,47273.24198,54257.16504,108966.9856,13731.71075,54686.30152
8/1/2012,19692.42044,27188.19328,147693.7777,34706.16808,11335.845,37469.53217,81895.58007,349781.0223,4186.319118,49082.36091,82316.26049,48971.91571,66276.69422,137664.9307,3632.104385,58382.2904
9/1/2012,30059.37848,90777.03479,165660.7864,101716.1873,17540.63131,64987.66604,89119.42743,317006.3527,12583.35401,62616.92142,72237.07375,55032.84231,52123.14073,135314.0838,9921.184866,51753.40807
10/1/2012,59651.63152,331891.1273,208352.2087,404779.6964,35466.78893,138770.8467,105355.8144,244202.5489,44211.98606,95298.26559,49834.32653,67245.57081,25317.87002,120756.5924,50383.11939,39103.48549
11/1/2012,74948.73767,468608.9876,228738.3706,565538.9275,44734.42321,180051.6609,113255.4247,216043.6267,61907.06269,112235.8236,41753.4617,73916.79892,15880.37403,118621.5642,69930.20798,33359.10592
12/1/2012,57291.63081,353878.8851,234196.6407,464944.3762,41870.78786,146720.4924,107379.7609,198476.8244,54033.95125,102808.9108,46988.21177,66283.63027,20844.75595,123000.8434,48705.67263,36216.40859
1/1/2013,23706.25189,158203.3697,242744.2753,259970.9747,33795.41597,86204.7596,92692.45096,193419.1897,38960.9804,80461.37309,63971.00377,52325.33795,36956.03279,141837.4428,5198.942504,43913.55906
2/1/2013,13145.16067,82306.31259,248272.9073,188194.7262,31314.39027,60864.58403,87326.85798,174637.7168,32315.86428,72338.79742,70383.35965,45515.36376,44064.51747,146713.7591,1183.637834,47124.78026
3/1/2013,19417.58744,65985.31772,228325.8175,221210.2991,33519.19377,59929.65637,95234.69106,129981.0935,27773.15532,79343.82949,56342.63658,45338.29829,39208.44973,113962.7981,8739.419662,45566.66068
4/1/2013,41595.8463,52865.35315,202985.2252,341925.2326,41169.89203,68483.75457,115594.1842,39707.04589,23478.85245,99803.46665,27815.64917,45890.51415,26963.59955,51279.59176,87156.8542,41776.76976
5/1/2013,51751.81188,35492.41602,183554.4294,386330.0659,43710.80371,67398.44819,124456.6735,18925.40392,18887.56774,107900.0005,18583.1631,45710.58936,23152.01333,30599.65191,127569.8663,40297.66591
6/1/2013,43470.34183,35807.23083,159419.9554,293412.7015,34581.30426,61577.79724,109979.5423,57345.55019,14912.57981,91880.5328,30172.18773,49906.89649,30364.38713,51074.75633,89990.27949,40980.56433
7/1/2013,23899.04894,21882.08906,108229.7868,101760.274,16027.62714,42056.96009,78630.95512,221824.6717,5597.989367,59837.29537,64208.21866,56165.73763,49376.95307,111510.0036,17029.80191,39441.62001
8/1/2013,18274.56461,22072.79824,88921.95761,54600.59137,10278.55692,37666.51149,66711.354,310818.2952,3563.543362,47201.54313,82026.44244,60522.01729,58854.2213,143420.3238,4819.069963,40088.1006
9/1/2013,28962.38645,83514.1127,133452.9756,128134.1346,18302.81594,66577.52841,82538.69088,289670.0331,11953.46727,59111.16149,73592.3389,63792.24508,47462.82562,144913.6727,13577.12813,49781.27939
10/1/2013,60421.49471,340644.7418,243944.475,409675.6387,43636.63062,142942.4866,120772.9283,233848.1077,47132.42502,90135.3545,53473.65654,68969.9106,24796.04096,137005.8495,68226.66123,68383.86769
11/1/2013,76708.27349,485031.6137,304978.5915,559054.5655,56936.68874,186221.1085,140205.5908,215430.6772,66570.5539,105250.3346,46552.00875,72333.1525,16965.42503,138403.3066,94979.65355,79529.10676
12/1/2013,58817.2318,366251.6445,278369.9335,465198.7958,48511.68064,154018.4048,129097.481,205182.2151,56550.02108,96530.31092,51992.3347,68432.93689,23527.53401,136924.8439,65366.68522,75199.02555
1/1/2014,24704.1941,162593.4896,216162.0284,269061.7736,31042.66663,95469.60427,103890.2872,212398.019,37838.65594,75203.2377,69697.63969,62465.20297,43154.85992,144205.9787,5891.266432,69044.70224
2/1/2014,13904.66047,84552.84246,193315.8561,201057.2654,24518.43548,70231.64762,94109.53568,201231.3894,29689.76997,67735.16042,76299.76945,58689.94361,52566.30072,142631.9008,1011.832866,64826.08193
3/1/2014,20233.14543,69103.66792,201277.0655,241612.961,27342.89789,66814.74811,99362.17712,147429.5916,25842.57409,76421.60188,59317.59086,54653.85342,45327.83936,112282.1204,7874.900702,52798.21582
4/1/2014,42682.83125,59581.38418,235854.3884,384111.3355,37845.28341,72430.24926,118394.9815,44503.45679,23079.36819,99920.48472,26250.62283,47244.88791,29581.00265,53561.27999,90330.82486,32264.42917
5/1/2014,52852.29946,42425.63178,244828.3019,439319.1058,41388.60239,68526.53819,124339.5159,18930.2174,19042.57239,110118.7387,15720.60219,43477.73944,23959.4631,33720.8472,132395.4131,22745.9375
6/1/2014,43649.86929,40890.98405,205529.3097,318996.5587,32321.11419,57622.21255,104418.5026,47606.32581,14952.05942,93713.77658,26251.77498,48815.37265,29240.53425,57058.8728,92760.76199,27754.63333
7/1/2014,22825.71676,22572.8684,123124.204,73854.57625,13022.05851,28633.68655,62472.35334,159375.7515,5397.254001,60679.25486,58409.52429,59131.83874,43303.61558,126290.1265,16223.04627,41129.53411
8/1/2014,16727.96117,21692.66957,94016.05336,29126.17589,7944.254218,21950.35683,47743.95616,219288.3169,3364.62102,47803.09211,75132.51226,64960.21449,49928.14744,162950.2747,4119.868197,47417.214
9/1/2014,26928.32208,83125.46202,138626.6126,100768.2479,17269.68727,53197.95662,70079.69049,236996.9316,11532.12498,59515.65304,71787.96345,66837.94677,44288.23699,154793.5988,11806.08554,48893.25189
10/1/2014,57740.48981,345264.4216,254796.4892,479389.095,49718.67183,154865.8754,129711.3132,251826.9185,46445.41667,89891.07227,60674.35451,68922.65833,32055.87795,129540.678,63227.0256,49521.03116
11/1/2014,73603.5312,491991.1349,316828.7383,678590.7905,67152.25138,212171.2814,161061.0303,269335.3943,65701.77555,104672.4995,57709.44779,70806.04655,27377.99672,122334.9803,88158.74678,50972.21141
12/1/2014,56755.97899,372434.4435,290575.1225,549262.1145,56016.07679,179963.8432,142563.6565,243651.6872,55935.80778,96921.42823,59525.19771,67758.29512,31483.12533,125478.3417,60699.22763,49781.75743
1/1/2015,24372.79257,167736.9893,227848.6444,290612.9287,33177.28141,122592.5072,102871.8643,216725.6556,37840.79611,77474.05336,68756.9722,64389.54033,42577.766,146170.1152,5536.743021,49906.40749
2/1/2015,14083.69003,88433.53421,205217.6794,201111.6367,24944.91058,95870.2098,87534.42301,191188.3347,29836.60993,70739.67514,70792.24344,61356.90758,47489.13944,149742.3389,962.8069672,48683.73436
3/1/2015,20477.51739,71634.47645,214798.5762,239397.4346,28752.80801,79435.28298,93627.71266,138103.0098,25453.59396,78517.2715,55152.78436,54947.55208,41747.09456,110529.5459,7405.950012,41155.85815
4/1/2015,42787.46798,60815.66596,260625.1517,389714.2491,42634.23406,60947.11718,115220.6674,37854.97575,21639.94032,101906.2278,26319.94229,43071.43841,30022.71698,35905.40907,84180.25147,27748.08427
5/1/2015,52968.413,42184.53465,271753.7219,443446.413,47620.20681,45047.81959,122261.0388,14218.20311,17138.48791,111090.847,15902.45256,37383.95556,25234.72779,16163.18419,123344.2169,21536.4673
6/1/2015,43444.11902,37992.79939,206225.6764,315514.3378,36405.55913,38698.06323,105867.2938,39122.82114,13309.57177,88518.92518,23438.60515,43612.60603,28742.55523,35070.40674,85549.53162,25635.44843
7/1/2015,23594.38107,16416.4943,76405.18196,64348.00534,14123.24768,20256.95125,69945.8043,142453.0237,4289.820828,44042.07994,42930.22534,55595.66639,37427.77705,105784.0664,13219.59625,34630.75916
8/1/2015,16969.35216,14380.65312,40820.48734,20462.33224,7835.771851,16280.64716,57130.02021,197862.676,2557.307294,28967.63626,53375.1409,62543.44415,41498.74218,142837.9887,2757.192572,39404.71415
9/1/2015,23547.26677,68165.85258,87079.1607,69703.66242,15214.98046,46969.40159,78156.1755,230097.3003,10329.87188,44716.2838,62705.63376,67942.88946,40103.48077,144314.9449,7689.211174,43662.52668
10/1/2015,43486.06006,342804.8088,254305.2723,353306.3973,40735.2041,157991.2682,131221.47,276766.9183,48423.16474,88798.71903,77963.9932,76828.53011,36022.95118,136375.5425,44666.34315,50294.90401
11/1/2015,52981.35856,493995.1816,342530.9781,499569.6118,54039.22523,220425.8594,159039.7616,310775.2748,69214.40884,111927.1622,88062.2941,82484.6283,34724.4819,137757.1056,62120.68311,54763.70111
12/1/2015,42198.58138,372560.0096,302036.7497,417122.9908,47423.57068,177317.8724,141571.7684,261655.807,56160.42642,109010.1188,76374.7127,74962.84159,36276.56692,130993.3518,43878.97375,50792.39487
1/1/2016,20368.78067,163934.3222,207609.532,236475.0286,32196.11428,101356.2713,104152.2257,192341.4365,33690.39748,97906.62751,59052.34452,64119.56971,41580.82973,133000.8499,6629.131568,46594.79557
2/1/2016,13377.64901,84661.42835,175465.6658,178220.0431,26976.5787,68800.8093,89492.47534,147889.2312,23487.8891,95214.67157,48382.84861,56968.23246,43286.86416,125759.5402,1912.298696,42642.68323
3/1/2016,20255.57032,68900.24942,197001.8021,226519.9284,30800.30702,59527.91939,95898.29894,106308.3324,18283.71341,92397.70092,38451.80687,49097.19783,36507.30611,86691.60989,9395.569736,32707.92119
4/1/2016,41980.44994,57760.86993,269100.3514,383775.424,42740.99792,53448.43672,117905.1966,26524.51219,11971.09398,94130.50319,20099.31853,33997.57281,23330.02445,9864.126615,65974.48052,11980.36861
5/1/2016,52621.846,40628.85392,295619.2336,451224.378,47461.12839,43586.30998,125287.8893,9485.167404,7207.953448,91170.45961,13100.65736,27506.64443,18009.49849,1772.122508,95224.41101,6753.947873
6/1/2016,42692.70406,41784.27615,228948.215,327547.318,38029.87369,39780.2533,108525.9141,33879.32041,6122.952577,74876.3972,22852.92411,38139.78276,23006.47706,11865.75088,67313.10847,17979.68352
7/1/2016,22261.8155,28167.47285,101889.7175,82604.70113,19119.37179,23484.16184,72343.50673,153713.5658,3070.27102,43437.12917,49814.70036,62252.97057,35249.43862,109049.2822,12828.90267,60116.46704
8/1/2016,15515.27417,28925.40375,60028.68346,32492.89626,12814.18393,20999.54621,59128.94685,218060.3779,2409.040638,31355.54696,64714.35999,75824.93701,41539.40125,159173.7832,3741.213025,83223.53368
9/1/2016,21799.91033,95040.1234,94761.59902,91514.40262,19853.44428,56490.29195,79079.54642,237341.0563,8396.688342,45887.32387,66702.93966,77123.09242,41118.16013,156865.9346,11003.8843,76440.99928
10/1/2016,40927.39253,343355.1049,202270.9621,374835.816,40806.77642,173754.7491,129478.7959,249750.5538,31403.99969,82965.95289,64123.83727,76119.71621,38071.36525,137962.569,55690.90096,59145.34254
11/1/2016,50085.94423,484218.5507,256523.9185,521799.9168,51488.09417,240797.7589,155563.5763,268514.982,44476.28096,102920.6146,65980.18519,77379.77294,37677.30042,135902.5233,77833.26409,53386.45421
12/1/2016,40960.66324,367749.3444,243434.3594,435873.2672,44837.12941,198381.492,138635.6277,252421.4641,41461.71935,102581.4325,67834.97754,72754.51085,38571.33433,132733.9077,54634.83495,53514.20325
1/1/2017,21422.44981,168084.1928,195510.0031,252046.7418,30126.36165,122280.1506,101685.2836,242362.2124,34372.46529,97153.60381,75538.45402,66752.65618,42039.99374,138229.5162,7829.897453,59277.92473
2/1/2017,15281.92753,90176.59257,184399.9641,190158.6395,24879.18975,89024.86877,87542.18867,225857.7716,31677.39184,96831.30292,77548.90903,62220.8503,42992.35227,134849.0106,2051.8412,59419.09592
3/1/2017,23135.62267,74528.21464,214822.0328,232016.6187,28984.4486,77725.98064,96140.52775,163893.016,27432.14286,91631.09327,61544.63695,56708.49352,37425.65399,105080.4732,10033.26135,48540.97935
4/1/2017,46785.15997,64221.69223,296276.9121,370661.4512,41356.32471,68743.09027,123026.7383,43425.7378,22872.72714,87690.04156,31020.04279,46607.59125,26155.67475,46640.89488,72566.51577,27018.06952
5/1/2017,58642.03226,47153.6199,333029.5049,427311.9746,46487.1775,57050.26348,133126.3855,17026.13854,18684.99842,82414.07329,20118.6544,41589.28932,21585.5077,28205.1554,104717.1731,19214.47499
6/1/2017,46671.80777,48166.68787,259779.943,321480.5742,37723.49779,53187.64626,113300.8762,51394.84366,14340.27444,69495.88515,30608.3028,48134.51943,27148.81755,52871.94972,75032.31117,29154.45549
7/1/2017,21544.51583,33138.47651,116540.4562,104037.8237,19569.93739,38349.32293,69887.03585,210591.1887,4551.949201,44061.62505,60224.98586,61171.2978,40807.74384,131108.7654,17949.39852,56564.62063
8/1/2017,14112.78889,33821.10554,70775.59311,52980.50514,13647.77784,35346.20751,55064.45606,294983.0611,2573.372539,34001.18795,75596.52892,68493.57384,47747.86487,172817.3718,6199.555369,70946.49396
9/1/2017,23300.69528,102865.4179,115108.9007,130677.6711,21334.28477,68931.46956,79442.50809,283588.7501,9779.67826,48867.187,73791.48521,71033.12836,44239.39129,158878.8628,13590.04611,64872.88541
10/1/2017,53018.38714,349359.2059,249858.627,445325.9798,43307.99426,158463.7798,143788.06,242863.9095,43263.37967,85114.95522,65117.01791,74050.30117,35043.54738,122763.3592,52172.22802,50403.77204
11/1/2017,68012.1989,489672.7653,319332.4475,611375.6193,54778.63922,210377.7209,177550.86,232697.4016,61617.87364,104968.3302,63484.22344,76606.34194,32024.97164,110957.5499,70550.13564,45197.3682
12/1/2017,53078.41395,370864.0288,301544.1256,496733.4009,48637.36652,180349.4993,154522.08,222152.6888,54042.74669,103335.7145,65996.75865,72365.35689,36453.48098,117102.0909,49982.63634,47373.85976
1/1/2018,23709.47295,167361.3759,251193.5637,266054.435,34523.62444,126449.1627,106415.8077,227173.5898,39255.49605,95048.97329,76327.138,66807.10682,47813.98422,143910.8984,7778.077123,56124.2926
2/1/2018,14427.11317,88473.94835,235446.5308,186227.7548,29534.48371,101189.6417,87778.9173,215853.2213,32856.08571,93523.17467,79126.38772,62648.12621,52993.39633,151085.6699,2339.530449,58589.54351
3/1/2018,21282.41388,73393.67575,238582.9456,227274.8103,33317.89184,86386.19564,96505.27502,159836.1889,28199.41824,91155.85204,62249.47428,56526.76698,45660.61945,114109.4317,11541.19243,48916.16389
4/1/2018,44638.83782,65136.8803,272548.0854,374405.8505,45989.33064,70199.4683,125846.9921,50071.09889,23899.81923,93313.58163,30512.94344,45031.61238,30366.13731,41892.20556,79972.42284,28284.04867
5/1/2018,55514.37129,48292.00659,276084.5165,431681.3084,50679.09643,55682.08743,136282.8833,23054.55909,19172.52497,90825.60987,19163.25773,39562.86035,24556.57188,21809.85064,115448.6976,21312.00667
6/1/2018,43967.79088,47450.11311,205572.8181,322819.8411,38129.57292,50323.44427,115268.1246,60382.34202,14587.6558,74346.8085,28724.79883,46870.52727,30744.29081,45033.9438,81797.87954,32985.94466
7/1/2018,20833.02078,30803.01438,71954.75488,100629.9552,13327.64001,32056.47776,69756.31741,209991.9175,4791.278647,42359.30765,54576.03774,61260.37232,46730.99066,126857.372,17314.76564,63505.98034
8/1/2018,13413.49059,30246.61345,34389.15503,49429.69417,6789.125208,28236.17342,54203.42805,290214.2354,2595.152057,30296.84599,68205.72992,69523.29808,54560.46535,170019.2847,5213.17499,80106.22271
9/1/2018,19946.16863,91415.37217,69991.6701,124783.4607,14542.27479,65040.34882,78854.45453,281792.7971,8907.569297,45135.84636,72974.18234,73530.1396,49134.17399,159220.0433,12280.88937,74675.99695
10/1/2018,40939.56797,309809.5042,200518.2073,436063.4491,43928.13368,175921.9159,146409.7324,247768.4035,37243.19191,83108.6376,77388.04053,79318.46966,37280.46247,129362.8446,52778.37284,61296.67671
11/1/2018,51039.89522,434007.6282,268125.6469,600245.9143,59203.97618,239495.8891,181278.9022,240135.686,52689.62914,103671.4097,82134.74342,83417.37232,32652.12911,119950.2787,72057.41072,56489.81577
12/1/2018,41392.45681,333653.3877,255363.5258,495498.6466,50268.32014,200007.565,151837.4854,226018.7105,45261.17895,104090.9127,77290.69605,76903.66802,35611.45842,119872.8767,51548.30644,56109.86752
1/1/2019,21529.66338,161698.8168,209852.9553,281036.5501,31147.76076,131884.2447,94577.49359,226145.8718,31527.42453,100212.2482,72540.71733,67206.21272,44486.82101,134176.7504,9354.801023,59707.17667
2/1/2019,14986.71233,92143.64631,198813.5764,205700.1282,24413.96601,99440.23501,71827.61732,211079.9464,25337.01981,100614.4984,67690.38019,60987.12447,47900.05577,134090.0564,3173.630876,59300.11278
3/1/2019,21226.6243,76207.53692,211957.9384,243136.4917,28380.52323,79685.02033,79482.20908,150787.7818,21148.55567,93575.21343,54682.85248,55308.91281,41854.19322,100204.5032,13247.4281,51380.21055
4/1/2019,40035.52324,63178.62729,254692.1067,375481.3324,42089.46878,54781.31559,106945.1622,36848.22008,16818.0078,87148.61035,30753.51701,45084.87322,30053.78231,36389.44748,78967.39068,34007.23007
5/1/2019,49130.88708,46473.83769,269564.3014,425581.1742,47250.6853,36723.24518,116339.833,12298.31344,12664.63265,80059.48662,21154.85817,39926.74636,24979.51514,17796.32208,113078.0118,27809.99061
6/1/2019,40702.72967,49152.53501,219463.9719,327310.1334,35516.59592,34145.57923,101214.1648,34992.39648,9841.359552,65402.19302,30640.33483,47235.65043,28376.74255,34939.23044,79185.07752,40301.31932
7/1/2019,21836.93674,37505.27223,115362.0317,124324.9754,12303.23405,21726.82031,66795.82038,135948.817,3814.546184,37553.80196,55310.69389,61454.38577,36619.96623,93578.86298,15164.30113,71762.92284
8/1/2019,16134.45558,39443.58756,81236.19625,70982.35776,6232.921499,19952.72506,55059.85726,189431.6048,2280.010281,26706.66052,68385.7764,69689.19884,40535.32062,124380.4758,3816.578883,88742.82993
9/1/2019,25062.54769,109316.1402,132445.922,151406.9968,13300.97445,57511.81463,76076.34237,224543.3182,6930.443535,40590.92752,69892.52971,73730.38539,40286.18315,128723.6613,8361.419991,79217.60724
10/1/2019,52694.80298,341196.6364,279974.8716,443362.7438,39967.87517,187545.5409,129810.0355,269787.9826,25315.26801,76998.01837,69477.11803,80022.56385,38077.17211,124499.516,37322.9489,58303.86142
11/1/2019,66535.79149,474242.3078,358041.8222,597169.5723,53836.72873,261638.0282,157908.4105,306269.9189,35480.90282,96622.7495,70943.30751,84180.71702,37840.2303,128563.0713,50465.93981,50335.16775
12/1/2019,48443.90553,360706.4258,313296.6462,484687.8739,46341.2161,210162.4309,136867.0141,279655.8584,31928.32917,94761.14212,65964.69446,76311.81914,39358.61759,129937.4128,37232.31129,53892.12084
1/1/2020,14273.16518,166544.3216,214856.2214,260175.6946,29241.34524,117285.5968,92098.89372,248237.151,24664.84761,84014.5549,60429.14773,63528.9093,43455.29746,143303.9467,8318.292587,67320.94412
2/1/2020,5765.379518,90043.47264,179057.5738,181549.9061,23599.05143,79239.93143,75367.79942,222128.4266,21576.87035,82330.99302,55496.00009,56224.97647,45069.45611,144803.8015,3731.324414,71489.11296
3/1/2020,10857.78531,74833.05573,200737.1648,221632.0693,28769.28333,73654.23181,87389.91686,162270.2725,18630.28204,86523.81209,47009.29218,53313.86423,40628.05643,107175.0818,14619.063,58177.06292
4/1/2020,31588.35286,64647.63265,271927.8751,362182.6201,44557.75747,78871.43798,121921.8211,47647.27076,15524.69079,101358.8946,30527.17915,47239.92304,31683.25885,35128.13669,74525.6563,30603.08847
5/1/2020,41673.54306,48155.28237,298433.455,417651.7582,51345.53677,72399.25256,136666.0969,19798.24549,12607.9753,106043.587,23801.89689,44511.48635,27794.58749,16121.72473,106337.4011,21522.74236
6/1/2020,39504.14408,50664.08498,240283.6699,322886.9517,39345.10577,61773.36946,118227.252,53750.87375,10162.11391,84100.03838,33855.27396,54434.00061,31492.61365,35878.34858,79257.54255,34817.85918
7/1/2020,31466.50823,37833.35495,122759.7237,125132.095,15942.69868,33062.76887,77595.55917,195634.4126,3858.538962,42364.73978,58007.86668,74638.02982,39934.44255,110917.0364,27819.53552,71728.56831
8/1/2020,29638.09315,39618.4079,83566.29433,73150.64986,8946.116819,26193.98329,63257.49601,271370.2993,2635.477449,27408.41375,71289.41698,86145.75234,44130.97362,150304.9622,13381.38819,91549.41031
9/1/2020,34050.65862,111564.2372,130456.2319,153819.1651,15529.1945,59983.24784,83443.60482,277722.0781,9513.98359,40767.93648,70628.22634,83164.71784,43215.47382,146224.1615,20192.91629,84787.35138
10/1/2020,46621.06202,353999.7582,265678.7233,440149.2151,37345.55851,166721.7798,135465.1044,266931.1258,38446.92182,77987.50806,64941.50687,75603.48329,39928.02729,125849.8344,49170.97052,64130.53191
11/1/2020,51969.50833,492786.7286,335923.594,591569.4672,48463.76069,226797.0213,161852.4525,272899.5999,54579.76023,97236.0725,64327.80763,72792.7295,39063.86362,122236.8054,61573.72328,58572.66186
12/1/2020,39065.27965,371971.5132,302096.2527,485247.9977,43834.52081,187166.6989,141705.1231,257189.9944,48322.31795,96958.69944,65093.4255,70227.10721,40367.64909,126172.8602,44403.06619,70394.03623
1/1/2021,14706.21777,164026.7183,217608.2532,273451.3828,31896.26517,114321.1359,99072.59665,250381.266,36099.88028,93408.80915,71232.32087,69018.93672,44373.70045,147495.5177,8850.492872,102729.3211
2/1/2021,7452.212678,85123.96548,190168.9624,196724.7598,28130.05156,83612.88904,82652.02679,234092.6104,30729.77249,93140.82475,72060.40362,66401.84189,45762.03244,151957.5519,3270.054594,117500.2959
3/1/2021,12955.98955,73208.31618,222915.3445,228867.3574,32466.93327,78345.97511,93349.94656,174904.1236,25903.34723,83303.3861,58009.82552,60086.0214,41174.94711,110960.1704,13232.12253,89782.633
4/1/2021,32996.49128,71999.18518,315279.8229,345385.5354,45522.34759,82080.24502,125013.7533,60175.63265,20442.26407,68210.28683,31255.36916,46878.62317,31820.13284,31258.30839,74824.42273,37162.23432
5/1/2021,42834.3907,58002.12673,355662.3772,387918.734,50886.60227,76164.60273,137867.3287,29395.82852,15761.16976,59076.60605,21265.2981,41372.2839,27830.78617,12941.30281,106962.0386,20565.91141
6/1/2021,37084.02802,56986.28808,285559.0399,308386.6007,38864.06014,65825.15225,119004.868,69650.81883,12835.56617,57061.32712,31029.95274,51468.92294,32172.88099,34031.3588,75273.36871,32893.63427
7/1/2021,22381.30574,36285.33283,146931.4986,135694.0196,15227.26369,37253.32956,77332.62914,220834.9057,6144.302337,53719.51681,57612.40989,73628.79333,41920.65451,126799.7466,14633.52953,73714.75904
8/1/2021,18273.8825,35626.77025,99124.04557,88537.2611,8406.843956,30311.37976,62766.53551,301719.6838,4330.391047,51752.80323,71402.5974,85703.78015,46905.55324,175314.716,3994.08271,93810.02326
9/1/2021,26784.46176,105250.8969,144848.0958,176748.8693,15759.51235,65251.85068,85042.42535,290790.2306,11256.30662,60009.89996,69630.58271,82680.42652,45976.00225,158588.5574,9961.887759,86059.89771
10/1/2021,51446.15584,351870.1888,279005.488,465480.8397,40759.67416,171409.5352,142627.8875,251099.2576,35540.27813,74871.2858,62834.81295,75077.58951,42448.64732,117083.6416,46499.57832,65424.02293
11/1/2021,63851.20127,491962.5479,345947.3849,620450.4179,53726.53226,231185.8712,172232.9284,241293.0331,49078.17042,83927.19098,61193.98534,72228.04842,41572.70302,103279,63919.90284,58949.16829
12/1/2021,46367.01289,372000.2633,306900.1671,513564.7524,48268.99358,189521.2435,149989.5242,232565.0493,41380.55145,85891.20323,59827.29171,69095.04206,42766.52965,108478.2284,46322.01884,66361.70879
1/1/2022,13391.6746,165591.1408,215465.8557,298462.5541,34718.32832,113794.1311,104418.2332,242200.4376,27698.45597,90026.95193,61653.643,66406.0254,47013.04508,133881.9879,9467.488706,87574.58875
2/1/2022,5285.038033,86774.87794,184055.5532,220018.9612,30292.48902,81727.99672,86236.72627,232756.4185,21368.47979,92039.51357,60212.30227,63251.9308,48289.77324,140005.3042,3667.217646,96373.73198
3/1/2022,10183.40737,74044.98129,216795.7711,254373.7647,34241.18266,76458.35219,94092.99049,171331.6239,17645.48424,79801.4445,49671.53473,58582.5538,42407.81168,104616.6879,14148.58365,78738.23927
4/1/2022,31681.58543,70333.98628,309335.3103,381540.6394,47004.22597,80085.74722,120273.3018,50508.77948,13208.7589,59493.80447,28677.29522,48033.42202,30606.2086,35444.7586,75320.66449,43895.67994
5/1/2022,41971.3616,55731.63546,349921.4618,426938.827,51864.29115,74157.51177,129541.6269,22280.40251,9676.620945,48717.4144,20952.40955,43873.28586,25677.51996,17325.79419,107373.6513,31226.49587
6/1/2022,35453.06297,56691.64826,285956.0879,326407.6736,39196.64289,65127.081,112755.6112,61829.57801,8957.450159,49198.59113,31819.70523,54644.99212,31105.15143,38714.32721,78526.12417,43356.82418
7/1/2022,19958.07098,39041.00106,157580.888,123925.0439,15090.79539,38609.80196,75227.17259,230636.8969,6208.208187,50323.64541,59931.81272,77471.41506,44044.32345,118830.9216,23055.83102,77067.46205
8/1/2022,15462.00303,39691.11001,112174.8427,68769.56523,7884.910258,32394.40154,62069.20839,320611.362,5666.254975,50811.05847,75189.30833,90228.08648,50587.93543,161118.7441,9667.697062,93915.57147
9/1/2022,22852.306,113469.4889,157104.5793,140497.9609,13923.84435,68225.55649,84328.38901,300241.8811,12868.64684,60939.26612,73063.32895,86795.68847,48172.56113,150346.9343,17954.65191,85569.97649
10/1/2022,44913.35948,367218.5323,282856.5551,391841.5775,34731.34143,174637.395,141198.9717,242291.4776,33329.79908,78815.29896,64145.84882,78578.7445,41352.52154,118895.4134,54916.05173,64744.33245
11/1/2022,55888.7133,511907.9664,345760.0796,524276.4369,45237.90907,234772.4835,170686.2133,224657.1857,45290.03079,90047.69082,62223.40947,75343.34527,39169.65531,109719.575,72258.23834,57747.44927
12/1/2022,41026.85722,384876.0013,311158.7153,459659.3856,41712.7295,191822.2215,148175.965,222247.6767,40476.38013,90129.97022,64155.93171,71529.08022,41827.54314,115377.4415,53824.82993,65667.21828
1/1/2023,12546.3844,166490.9728,228556.0862,315851.0122,30780.44517,114448.6576,102190.0194,245915.948,30673.31581,89922.74695,72288.75023,67906.75346,49288.75953,140478.5122,15268.35591,87582.01396
2/1/2023,5419.97312,84465.90157,199960.3814,264187.2808,27939.03228,81429.68041,83884.92583,243220.6168,26533.12157,90004.76231,74402.57812,64081.67685,52233.63364,147045.2627,7315.924832,97007.9919
3/1/2023,10717.66248,72044.12565,229119.5224,287045.567,34516.17255,75378.00203,91966.39475,177884.3251,23915.35261,79775.40074,61585.74165,59222.26969,45733.73684,109684.2252,19893.71926,80984.14414
4/1/2023,33097.49072,69590.12071,310785.8249,374324.5679,52630.49669,77211.16463,118606.8068,52126.73177,21920.53727,63569.92084,36310.47494,48546.83782,32809.88563,37760.71258,76771.23304,47628.36324
5/1/2023,44045.75,55091.6501,345872.9188,401934.4799,61054.2069,70471.19761,128187.3934,21866.16436,19226.19865,54219.57232,26767.80799,44207.31558,27374.2497,18254.11389,106508.4605,35879.80782
6/1/2023,35651.35927,55815.11919,288675.7463,315893.0022,45396.88641,63096.41776,111606.5997,55483.04387,15964.52408,53364.93685,37563.27706,54957.1866,32098.81467,38427.15353,78287.3065,50462.80894
7/1/2023,17068.62901,37328.5063,172985.2688,143115.8338,15223.05071,40016.93734,74688.8273,193099.7125,8349.659979,51877.4999,66290.56914,77689.68758,43618.07329,112176.1662,24049.1811,89744.16961
8/1/2023,11811.96443,37806.16274,130241.4931,89542.56362,7208.401652,34720.68055,61656.57756,265955.1036,6205.741506,51033.16364,81089.08742,90399.95267,49214.42058,150792.6643,10493.20349,109864.4406
9/1/2023,19423.65657,112473.131,173116.4581,158107.8726,14260.95764,69867.4421,82980.02514,267587.1839,13489.52852,60150.30646,75028.26344,87378.37975,47232.23612,144583.1396,19105.2854,97715.99979
10/1/2023,44085.34073,377111.6134,285515.613,375396.9972,41849.3518,171039.4338,136976.1461,249124.0721,35472.04477,76354.59261,60478.18747,80308.85075,41926.94814,121653.445,56357.07508,70582.25402
11/1/2023,56497.38857,527575.2552,342191.3446,488949.0766,55697.1341,228283.9016,164979.084,250634.33,47909.67508,86404.56173,55163.3947,77432.2714,40090.33266,116194.239,73867.81993,60561.34954
12/1/2023,41104.06069,394494.1215,319066.9625,424083.0162,46843.2841,184420.5446,144926.1799,240261.0979,43413.68016,87694.99566,56896.17783,72110.22785,41123.4992,119356.266,55513.45498,67549.53644
1/1/2024,11957.80664,165512.5662,264788.8874,283040.039,27831.96189,106287.6339,104117.8956,246239.7809,34603.25126,90464.65706,65231.37255,65955.21406,44894.43673,139832.7879,16738.02778,89303.34833
2/1/2024,4798.522629,81252.7896,244098.7947,231929.7226,21345.42105,73118.69749,87398.01558,235128.7013,30605.68458,91776.54221,67159.29043,60699.54608,45994.69997,143441.6781,8470.444533,97675.86712
3/1/2024,9118.140727,69258.38422,245944.8379,260673.9084,26353.97706,67849.0886,92412.65884,166767.4278,25889.82416,79434.39073,56406.27702,55802.43985,41772.01331,103091.5641,22075.42768,80495.65455
4/1/2024,27895.25029,67557.78928,268412.882,359560.1031,42663.9923,70918.55785,112145.0004,42935.28131,20431.76871,58813.3691,34767.55567,45843.61512,32508.26649,25079.99879,81000.3622,45136.68814
5/1/2024,36862.28338,53407.26172,270412.5592,395270.5946,49477.37675,64946.74305,117917.1727,13108.78799,15881.20981,47994.18168,26578.52464,41433.44752,28852.4826,8950.616867,111885.8968,32889.15622
6/1/2024,30993.33633,55105.949,233132.7688,309200.9224,36558.73095,57931.5891,102739.3769,26775.11071,12675.07147,49297.27922,36764.8497,51019.39736,34762.2909,26281.36434,82235.74102,48310.52564
7/1/2024,19747.47577,63033.85599,172826.3871,165560.7988,14623.85555,48082.68031,76994.45736,92997.06572,8316.895764,55323.54861,61421.25269,70645.45106,47161.27054,108215.1978,30121.69553,87271.65055
8/1/2024,15134.55211,64918.82201,139929.6114,101698.1006,6632.327225,41457.95484,63648.35132,124423.4471,5500.832118,56748.28069,74746.94366,81819.44447,54013.97973,151218.1661,13137.70723,108388.9947
9/1/2024,15134.55211,64918.82201,139929.6114,101698.1006,6632.327225,41457.95484,63648.35132,124423.4471,5500.832118,56748.28069,74746.94366,81819.44447,54013.97973,151218.1661,13137.70723,108388.9947
10/1/2024,16672.19333,64290.5,150895.2033,122985.6667,9296.17,43666.19667,68097.05333,113947.9867,6439.52,56273.37,70305.04667,78094.78,51729.74333,136883.8433,18799.03667,101349.88
11/1/2024,16208.31465,170648.0973,228252.1381,256061.6184,31369.17013,118551.0084,102767.0195,241759.7555,35925.22709,86122.87318,69667.30213,68818.32106,44145.0439,155494.4049,15013.95677,87449.91941
12/1/2024,9393.269067,90957.68962,200058.5832,173235.2267,27503.39341,90963.86634,87817.54179,219745.6368,30463.74866,83515.95075,69029.43604,66797.768,44986.56794,168176.0478,7520.778567,87349.85628
1/1/2025,14286.39018,72937.10292,212949.5899,221636.9186,31503.67119,81166.09594,94480.07153,168944.5851,26201.95946,86501.5525,56211.75733,60295.19545,40319.12255,128852.3774,16027.22872,66420.65635
2/1/2025,31508.06998,52595.76909,257313.4562,385724.5252,44664.6436,71421.22326,114061.0525,76338.085,21878.60528,100013.2639,32166.72176,46444.73476,31923.60344,43638.61279,70802.07455,37661.69847
3/1/2025,39751.89139,30699.22781,271195.195,449890.1447,50566.29124,58698.52861,120989.519,61300.98462,18417.86663,104307.8136,23773.08188,40460.30077,29009.8592,13892.59793,101333.4219,31222.08322
4/1/2025,34310.24131,43062.87562,229164.7106,337550.0781,38520.98741,54129.61344,109180.9114,87774.0842,15168.65065,84253.77843,34024.2406,50814.5741,32002.53111,38382.17006,76564.7425,42584.63346
5/1/2025,20445.97045,46691.86431,147326.9009,102346.063,15423.09046,39613.51123,84491.23081,217094.5267,8364.127766,45784.7111,61198.11453,73804.42413,40262.49343,120598.7294,30440.2156,75500.02514
6/1/2025,16170.64458,51369.47467,122055.0246,38146.79352,8680.269719,37923.34582,76302.39674,289784.3703,7107.743633,32483.69103,75288.64615,86038.45866,44900.69069,160545.3372,18836.59131,93729.24161
7/1/2025,24275.82216,122953.9451,160537.0934,126148.4604,16236.49375,67818.69151,94015.9577,286641.4435,12535.22106,45053.11866,72117.56384,83973.79868,43453.58278,149452.2028,24843.10217,85071.55918
8/1/2025,47713.48339,349274.057,259715.7996,453880.4428,40650.94702,170591.5371,134839.1777,273557.1691,38633.5521,80225.11269,64085.81224,76801.46585,39600.48352,115909.0812,48658.84051,65816.61314
9/1/2025,59590.23814,480173.0437,311524.7401,626373.2947,53282.98294,229195.2428,155653.9394,277028.1686,53134.35897,98388.71155,62330.36007,74107.26749,38273.55395,104756.1021,58542.93219,58881.56097
10/1/2025,44642.30612,363435.8973,287366.8003,507995.1003,46713.83595,189574.8305,137470.7877,254526.8864,46957.98262,96488.09129,62478.66148,70367.84168,38765.84009,112421.1843,42224.01446,64025.25154
11/1/2025,16652.63185,168518.5128,235270.7052,261066.2462,31041.75677,121050.5543,103914.7775,232851.0485,35134.25388,84422.24948,66423.32542,67096.18805,40832.95971,143037.8521,14467.08548,74447.16918
12/1/2025,8627.722986,90684.64384,215075.5345,178196.1858,25913.94602,91633.71664,90767.36503,209800.4162,29908.43967,80847.63216,65172.71788,64419.28207,40859.49347,151000.9072,7687.784185,75663.96235
1/1/2026,13022.22532,72176.16871,217590.0171,226507.0186,30290.24725,80747.11786,95408.70276,160904.7725,26203.56638,83329.50551,54058.11332,58795.06279,37934.30945,117354.2151,15873.83363,63764.31681
2/1/2026,30880.54893,53141.44754,244765.2938,393320.088,44621.50017,70211.54789,110829.6974,68283.04104,22351.95638,95056.27337,31632.33677,47022.22863,32553.05624,41841.47324,69758.75685,45448.8925
3/1/2026,39340.78226,32609.08251,252467.6162,458514.6253,50232.71534,57829.90081,116328.6181,51367.3481,18804.59037,98677.88598,24021.4779,41766.68363,30917.60791,15299.65744,99662.48779,41205.51384
4/1/2026,33635.18538,40841.58971,216180.3089,338067.6832,37930.42596,54282.63963,105716.2868,83649.21783,16439.22388,81887.76238,34697.85195,51559.57859,33822.75815,43168.60833,75552.97732,49995.30218
5/1/2026,20584.39216,41081.76861,145266.5543,91178.26823,13879.32191,42411.99597,85106.28237,222117.1843,10423.52873,49224.13317,63953.29471,72852.21384,41794.05742,127520.8214,30217.41842,75526.70317
6/1/2026,16588.41772,46039.63261,122445.4143,22144.70557,6684.925569,42252.55654,79233.99615,300108.4191,9141.339737,37805.10254,78920.23975,84561.12393,46679.26586,168657.8834,19107.6024,90020.95567
7/1/2026,21954.06394,113323.4171,155996.3621,113999.5459,13743.75243,71861.66266,95203.95493,301478.8247,15445.37181,49777.66859,75022.29144,83048.7187,45110.14646,154748.7943,25158.99298,84037.96187
8/1/2026,36477.70223,326049.6955,239739.2136,449926.183,36724.79223,173613.238,130822.7204,294322.4612,42753.14562,82110.80417,65766.6329,76925.77337,40649.54831,116067.2401,48821.49917,69333.47753
9/1/2026,43173.93506,449638.0979,284174.7894,627305.1206,48574.85275,231962.7165,149413.4662,302723.0028,57965.40253,98892.46732,63498.04944,75016.97761,38993.70558,102862.2693,58701.13334,64395.77129
10/1/2026,33318.46073,346474.4407,270695.9931,511316.9522,43700.77052,191931.4547,135261.1755,278059.7665,51050.13303,95891.92716,63183.30543,72498.08694,39885.2354,113632.9753,42192.57393,69137.39322
11/1/2026,14111.17199,173433.4294,233863.9357,264657.8757,31063.40922,123134.7679,107677.8217,255049.1507,37911.75109,82717.57306,67308.09531,71238.56451,42677.9213,148636.4837,13519.98641,78520.96652
12/1/2026,8577.375136,104334.4256,219333.3884,180916.5519,27103.91986,94332.88833,97004.48564,233251.6896,32222.66441,78573.64574,66604.83205,69526.47255,43196.99585,158901.9192,6446.94328,79740.041
1/1/2027,13615.85675,84371.95257,224197.994,228371.3955,31007.00978,83320.98415,101557.1343,179155.0332,28647.22329,81636.34523,55521.49673,63111.03837,40252.46863,125385.0027,15450.68999,68058.80065
2/1/2027,30798.95922,58937.46587,254226.839,394562.7031,43567.17278,72524.61257,116976.3133,80414.55462,24612.795,93941.38232,32896.14689,50086.48141,34680.38561,50784.68171,70771.38785,50050.31809
3/1/2027,39294.93587,35253.15853,263452.8769,460900.9504,48477.41983,60261.14598,123058.7248,60905.41767,20881.77105,97973.40199,25224.55698,44249.21538,32979.08561,24083.589,101173.8951,45915.83407
4/1/2027,32456.31619,44288.79012,224641.2418,338816.7317,36954.46731,56178.26676,111278.6993,91120.46357,18581.79893,82358.15436,35305.44979,53464.10088,35617.78679,51540.23533,77040.27495,53910.35528
5/1/2027,17106.39406,45632.51161,147886.5217,91029.03558,14538.26786,41486.55392,87833.19479,226279.5804,12648.22716,51717.57156,62582.2984,73720.90803,43162.428,129924.1095,31682.94323,77119.41344
6/1/2027,12495.92745,48455.93644,122261.2484,23090.48429,7612.467281,39775.85657,80930.34628,302066.526,11404.41608,41258.62112,76616.14308,84347.8126,47933.62339,168092.196,20608.22064,90143.55569
7/1/2027,19770.71909,116101.4848,156928.0515,111906.0412,14018.51964,70555.0484,96173.29485,299322.9253,17344.40397,52634.1018,74354.13074,82404.56159,45839.08332,155580.7382,26642.71763,84503.12209
8/1/2027,41160.78137,322227.4414,238204.5104,456489.9172,34503.13838,175996.5036,131638.5636,289440.7202,44752.96363,83904.28122,68417.71922,75246.01742,41127.29897,122567.2755,49456.12769,71655.37892
9/1/2027,51638.38748,441723.7448,280561.3409,638371.2646,45001.00986,235920.1698,150012.9057,295629.4223,60042.16946,100084.188,67595.87439,72621.93884,39138.26163,111636.7974,58791.98564,67130.84209
10/1/2027,37476.12052,338321.1142,268940.311,514917.6194,40211.37362,193287.7631,135546.161,272574.2681,53316.92297,96268.08718,65397.52708,70596.08757,39165.86616,118535.447,42461.14033,70038.54295
11/1/2027,10651.70312,165952.2733,237362.0925,261167.8735,28135.45774,120718.7226,108764.3402,253226.9704,40854.85326,83051.79387,66208.45035,70307.83691,40656.41368,145825.1516,14252.74242,77223.06282
12/1/2027,3004.794219,97254.13554,223471.3379,175360.4816,24234.29543,90017.7097,97921.81201,232252.7723,35360.79332,78423.50713,63850.07738,68894.3704,40490.86337,151549.271,7154.959056,77985.12789
